#,Name,Team,Position,Age,Market Value (€m),Contract Expiry,Tackles,Errors leading to goal,Clean sheets,Blocked shots,Interceptions,Clearances,Dribbled past,Errors leading to shot,Blocked shots.1,Aerial duels won %,Aerial duels won,Fouls,Minutes played,Appearances,Started,Dispossessed,Accurate passes,Accurate passes %,Long balls (accurate),Accurate long balls %,Key passes,Tackles_p90,Interceptions_p90,Clearances_p90,Blocked shots_p90,Errors leading to goal_p90,Errors leading to shot_p90,Dribbled past_p90,Aerial duels won_p90,Fouls_p90,Dispossessed_p90,Accurate passes_p90,Long balls (accurate)_p90,Key passes_p90,Clean sheets_p90,PC1,PC2,Cluster
2,Taylor Harwood-Bellis,Southampton,Centre-Back,23,20.0,2028,0.84,0.0,0.28,0.7,0.88,7.47,10,6,30,57.84,155,30,3900,43,43,8,2617,85.58,212,48.96,24,0.019384615384615382,0.020307692307692308,0.17238461538461536,0.01615384615384615,0.0,0.13846153846153844,0.23076923076923075,3.5769230769230766,0.6923076923076923,0.1846153846153846,60.39230769230769,4.892307692307692,0.5538461538461538,0.006461538461538462,3.061599158864774,-3.0350925184521746,2
3,Luke Ayling,Middlesbrough,Right-Back,33,1.0,2025,1.96,0.0,0.24,0.59,0.93,2.41,18,6,27,47.59,69,25,3797,46,41,17,2541,85.7,187,49.08,27,0.04645772978667369,0.022043718725309455,0.0571240452989202,0.013984724782723201,0.0,0.1422175401632868,0.4266526204898604,1.6355017118777981,0.592573084013695,0.4029496971293126,60.22912825915196,4.432446668422439,0.6399789307347906,0.005688701606531472,1.2563534378722847,-3.239260409638258,2
4,Jannik Vestergaard,Leicester City,Centre-Back,32,2.0,2025,1.45,0.0,0.13,0.55,0.87,8.06,9,2,17,65.75,119,18,2605,31,29,2,1489,86.72,85,44.5,5,0.05009596928982726,0.030057581573896354,0.27846449136276397,0.019001919385796547,0.0,0.0690978886756238,0.31094049904030713,4.111324376199616,0.6218809980806143,0.0690978886756238,51.44337811900192,2.9366602687140118,0.17274472168905952,0.004491362763915548,2.7018064135137685,-1.2460926278928648,2
5,Robert Atkinson,Oxford United,Centre-Back,25,2.0,2026,1.4,0.04,0.28,0.52,1.2,5.12,7,0,13,74.6,94,5,1851,25,23,3,760,82.34,24,30.38,12,0.06807131280388978,0.05834683954619125,0.24894651539708268,0.025283630470016208,0.0019448946515397084,0.0,0.34035656401944897,4.570502431118315,0.24311183144246354,0.14586709886547813,36.95299837925446,1.166936790923825,0.5834683954619125,0.013614262560777959,1.3607767086991063,1.3133443336128625,0
6,Dael Fry,Middlesbrough,Centre-Back,27,2.0,2026,0.72,0.0,0.28,1.03,0.72,6.0,3,1,33,67.72,107,11,2133,32,23,2,1170,88.24,44,43.14,7,0.030379746835443037,0.030379746835443037,0.25316455696202533,0.04345991561181435,0.0,0.04219409282700422,0.12658227848101267,4.514767932489452,0.4641350210970464,0.08438818565400844,49.36708860759494,1.8565400843881856,0.29535864978902954,0.011814345991561183,3.179247067098071,-0.6541821800936282,2
7,Caleb Taylor,West Bromwich Albion,Centre-Back,23,2.5,2027,1.07,0.04,0.32,1.07,1.82,6.14,13,1,30,72.13,132,16,2243,28,24,1,729,78.47,56,46.28,8,0.04293357111012038,0.07302719572001784,0.2463664734730272,0.04293357111012038,0.0016049933125278646,0.04012483281319661,0.521622826571556,5.296477931341953,0.6419973250111458,0.04012483281319661,29.251003120820332,2.2469906375390103,0.3209986625055729,0.012839946500222917,2.3548407401846796,1.531344631677657,0
8,Dara O'Shea,Burnley,Centre-Back,25,8.0,2028,0.54,0.04,0.37,1.0,0.85,6.35,11,5,46,70.08,171,19,4140,46,46,3,2593,83.86,231,47.14,15,0.01173913043478261,0.01847826086956522,0.13804347826086955,0.021739130434782608,0.0008695652173913044,0.10869565217391304,0.2391304347826087,3.717391304347826,0.41304347826086957,0.06521739130434782,56.369565217391305,5.021739130434782,0.32608695652173914,0.008043478260869565,3.6606734135279377,-2.822677606935184,2
9,Bobby Thomas,Burnley,Centre-Back,22,5.0,2028,1.09,0.0,0.27,0.88,0.79,5.67,16,2,29,62.77,118,25,2924,33,33,5,1447,81.02,92,33.7,29,0.0335499316005472,0.024316005471956226,0.17452120383036937,0.02708618331053352,0.0,0.061559507523939815,0.4924760601915185,3.632010943912449,0.7694938440492477,0.15389876880984954,44.538303693570455,2.831737346101231,0.8926128590971273,0.008310533515731876,0.8119789968404607,-1.0037639827662297,2
10,Jake Cooper,Millwall,Centre-Back,29,2.5,2026,0.94,0.0,0.4,0.74,0.85,7.4,20,2,35,73.61,279,54,4230,47,47,8,1660,74.74,193,42.6,26,0.02,0.018085106382978722,0.1574468085106383,0.01574468085106383,0.0,0.0425531914893617,0.425531914893617,5.9361702127659575,1.148936170212766,0.1702127659574468,35.319148936170215,4.1063829787234045,0.5531914893617021,0.00851063829787234,1.635768413705808,-1.2086321008634928,2
11,Jacob Greaves,Ipswich Town,Centre-Back,23,8.0,2027,1.29,0.0,0.33,0.71,0.96,6.17,8,2,17,66.1,117,23,2048,24,23,8,1074,85.24,36,31.58,16,0.056689453125,0.042187499999999996,0.271142578125,0.031201171874999996,0.0,0.087890625,0.3515625,5.1416015625,1.0107421875,0.3515625,47.197265625,1.58203125,0.703125,0.014501953125,1.4747156390210807,0.6443917571100577,2
12,Lloyd Jones,Luton Town,Centre-Back,30,0.5,2025,0.93,0.02,0.24,1.28,1.35,9.61,8,2,59,67.15,276,54,3952,46,45,5,1240,74.88,89,32.25,18,0.02117914979757085,0.030743927125506075,0.21885121457489878,0.029149797570850202,0.0004554655870445344,0.04554655870445344,0.18218623481781376,6.2854251012145745,1.2297570850202428,0.11386639676113361,28.238866396761132,2.026821862348178,0.409919028340081,0.005465587044534413,1.1327192414402496,0.2877051900288873,2
13,Ben Wilmot,Stoke City,Centre-Back,25,3.0,2027,1.03,0.03,0.32,0.59,0.47,4.76,8,2,20,61.88,99,13,2954,34,33,2,1879,86.63,156,50.49,9,0.03138117806364252,0.014319566689234935,0.14502369668246445,0.017975626269465132,0.000914014895057549,0.060934326337169935,0.24373730534867974,3.016249153689912,0.3960731211916046,0.060934326337169935,57.247799593771155,4.752877454299255,0.2742044685172647,0.00974949221394719,3.2095823931255407,-2.91502215771772,2
14,Cédric Kipré,West Bromwich Albion,Centre-Back,28,1.5,2025,1.0,0.0,0.38,0.47,0.88,5.31,9,3,15,59.38,76,21,2610,32,29,11,1548,87.11,96,53.63,12,0.034482758620689655,0.030344827586206897,0.18310344827586206,0.016206896551724137,0.0,0.10344827586206896,0.3103448275862069,2.6206896551724137,0.7241379310344828,0.3793103448275862,53.37931034482759,3.310344827586207,0.41379310344827586,0.01310344827586207,2.21087626479546,-1.998321147707253,2
15,Sam McCallum,Stoke City,Left-Back,25,1.5,2026,1.3,0.0,0.05,0.45,1.4,2.65,7,0,9,62.5,50,6,1216,20,15,3,342,66.8,42,38.89,28,0.0962171052631579,0.10361842105263157,0.19613486842105263,0.03330592105263158,0.0,0.0,0.5180921052631579,3.700657894736842,0.4440789473684211,0.22203947368421054,25.3125,3.1085526315789473,2.0723684210526314,0.0037006578947368423,-0.8782135503227321,1.886178167923852,3
17,Rob Dickie,Bristol City,Centre-Back,29,1.0,2026,0.97,0.03,0.24,0.91,1.24,7.91,12,2,30,68.48,126,15,2724,33,30,3,1389,85.01,65,36.31,11,0.03204845814977974,0.040969162995594714,0.2613436123348018,0.03006607929515419,0.0009911894273127754,0.06607929515418502,0.39647577092511016,4.1629955947136565,0.4955947136563877,0.09911894273127754,45.8920704845815,2.147577092511013,0.3634361233480176,0.007929515418502203,2.2216895948416413,-0.2653173418922587,2
18,Christoph Klarer,Millwall,Centre-Back,26,2.0,2027,0.98,0.0,0.23,0.58,1.28,7.28,13,0,25,69.28,230,40,3870,43,43,11,2290,85.23,114,40.28,10,0.022790697674418603,0.029767441860465118,0.16930232558139535,0.013488372093023254,0.0,0.0,0.3023255813953488,5.348837209302325,0.9302325581395349,0.2558139534883721,53.25581395348837,2.6511627906976742,0.23255813953488372,0.005348837209302326,2.0021202008161567,-1.5805320574793893,2
19,Liam Kitching,Coventry City,Centre-Back,25,2.0,2026,1.03,0.05,0.29,0.58,0.97,6.11,8,1,22,55.6,144,41,3339,38,37,3,1755,84.42,98,39.36,19,0.027762803234501348,0.0261455525606469,0.1646900269541779,0.01563342318059299,0.0013477088948787063,0.026954177897574122,0.21563342318059298,3.8814016172506736,1.105121293800539,0.08086253369272237,47.304582210242586,2.641509433962264,0.5121293800539083,0.007816711590296494,1.2721542799929044,-1.4325864740436791,2
20,Matt Targett,Middlesbrough,Left-Back,29,2.0,2026,1.22,0.0,0.16,0.18,1.16,1.76,23,1,8,44.05,37,25,3672,45,42,9,1990,83.86,114,43.68,74,0.029901960784313727,0.028431372549019607,0.04313725490196079,0.004411764705882353,0.0,0.02450980392156863,0.5637254901960784,0.9068627450980393,0.6127450980392157,0.22058823529411767,48.774509803921575,2.794117647058824,1.8137254901960786,0.00392156862745098,-1.3049726934507309,-3.021251697632139,1
21,Nathaniel Phillips,Watford,Centre-Back,28,1.5,2026,1.38,0.03,0.35,0.68,1.28,7.08,18,0,27,65.12,168,27,3463,40,40,4,1802,84.32,140,43.21,7,0.0358648570603523,0.03326595437481952,0.1840023101357205,0.017672538261622874,0.0007796708056598326,0.0,0.4678024833958995,4.3661565116950625,0.7017037250938494,0.103956107421311,46.83222639330061,3.6384637597458855,0.18192318798729426,0.009096159399364713,2.134305212753861,-1.2369619746402822,2
22,Daniel Imray,Plymouth Argyle,Right-Back,22,0.5,2026,1.5,0.0,0.44,0.19,1.13,1.88,7,1,3,43.48,10,11,1122,16,13,14,337,77.65,22,46.81,12,0.12032085561497326,0.09064171122994652,0.15080213903743314,0.015240641711229947,0.0,0.08021390374331551,0.5614973262032086,0.8021390374331551,0.8823529411764706,1.1229946524064172,27.032085561497325,1.7647058823529411,0.9625668449197861,0.03529411764705882,-1.9617520992700943,2.3943238461619165,3
23,Tristan Crama,Hull City,Centre-Back,24,3.0,2028,1.73,0.02,0.4,0.67,1.44,5.92,25,3,32,64.2,156,58,4287,48,48,24,1234,71.37,86,33.2,37,0.036319104268719385,0.030230930720783766,0.12428271518544437,0.014065780265920225,0.0004198740377886634,0.06298110566829951,0.5248425472358292,3.2750174947515744,1.2176347095871238,0.5038488453463961,25.906228131560532,1.8054583624912526,0.7767669699090273,0.00839748075577327,-1.3921709193959892,0.006925419692933622,1
24,Kai Wagner,Preston North End,Left-Back,27,3.0,2026,2.0,0.0,0.25,0.19,0.63,3.0,11,0,3,52.0,26,10,1399,16,16,6,477,70.77,41,31.3,31,0.12866333095067906,0.0405289492494639,0.19299499642601858,0.01222301644031451,0.0,0.0,0.7076483202287348,1.6726233023588277,0.6433166547533953,0.38598999285203717,30.686204431736954,2.6375982844889205,1.9942816297355255,0.016082916368834882,-2.686617119272604,0.9714833452205779,3
25,Leif Davis,Ipswich Town,Left-Back,24,5.0,2027,0.84,0.03,0.3,0.14,0.86,2.24,20,1,5,58.65,61,23,3167,37,35,12,1047,78.84,51,43.22,69,0.023871171455636248,0.024439532680770443,0.06365645721503001,0.0039785285759393755,0.0008525418377012946,0.028418061256709818,0.5683612251341964,1.733501736659299,0.6536154089043258,0.34101673508051783,29.75371013577518,1.4493211240922008,1.9608462267129776,0.008525418377012945,-1.9342137669893393,-1.766102673985756,1
26,Jack Robinson,Nottingham Forest,Left-Back,31,1.0,2025,0.72,0.0,0.11,1.0,0.61,5.61,4,0,18,66.36,73,8,1332,18,16,0,742,89.18,45,52.33,6,0.048648648648648644,0.04121621621621621,0.37905405405405407,0.06756756756756756,0.0,0.0,0.27027027027027023,4.9324324324324325,0.5405405405405405,0.0,50.13513513513513,3.0405405405405403,0.4054054054054054,0.007432432432432432,4.2283547955456084,0.05285539655920471,0
27,Charlie Hughes,Luton Town,Centre-Back,25,1.5,2027,1.24,0.02,0.32,1.44,1.22,7.15,10,2,59,66.67,104,42,3466,41,39,15,1395,81.96,140,45.02,11,0.032198499711482975,0.031679169070975184,0.18566070398153492,0.03739180611656087,0.00051933064050779,0.05193306405077899,0.259665320253895,2.7005193306405078,1.0905943450663589,0.38949798038084243,36.22331217541835,3.6353144835545295,0.28563185227928445,0.00830929024812464,1.6383952892182363,-0.798883033630135,2
28,Jeremy Ngakia,Watford,Right-Back,24,2.0,2027,3.48,0.06,0.09,0.15,1.12,2.88,28,2,5,42.19,27,28,2610,33,29,17,925,76.07,70,37.84,26,0.12,0.038620689655172416,0.0993103448275862,0.005172413793103448,0.0020689655172413794,0.06896551724137931,0.9655172413793104,0.9310344827586207,0.9655172413793104,0.5862068965517241,31.896551724137932,2.413793103448276,0.896551724137931,0.003103448275862069,-3.0026028899895847,0.04036055239294385,1
29,Ryan Leonard,Sheffield United,Right-Back,26,1.5,2027,2.04,0.0,0.28,0.2,0.72,2.68,13,0,5,51.22,42,27,1607,25,17,7,413,63.44,42,26.92,10,0.11425015556938395,0.0403235843186061,0.15009334163036717,0.01120099564405725,0.0,0.0,0.7280647168637213,2.3522090852520225,1.5121344119477287,0.39203484754200374,23.130056004978222,2.3522090852520225,0.5600497822028625,0.015681393901680152,-2.956309352985401,1.86653007186841,3
30,Cameron Burgess,Ipswich Town,Centre-Back,29,2.0,2026,0.93,0.0,0.26,1.09,1.26,8.35,8,4,50,66.31,185,14,4140,46,46,5,2594,81.6,168,34.15,10,0.020217391304347826,0.027391304347826086,0.18152173913043476,0.023695652173913045,0.0,0.08695652173913043,0.17391304347826086,4.021739130434782,0.30434782608695654,0.10869565217391304,56.391304347826086,3.652173913043478,0.21739130434782608,0.005652173913043478,2.7812708737423137,-1.8140226711606608,2
31,Japhet Tanganga,Millwall,Right-Back,25,3.0,2026,1.19,0.0,0.24,0.98,1.62,7.0,9,3,41,69.89,195,51,3737,42,42,8,1717,85.51,104,44.64,14,0.028659352421728655,0.03901525287663901,0.16858442601016857,0.023601819641423598,0.0,0.07225046829007224,0.21675140487021674,4.6962804388546955,1.228257960931228,0.19266791544019266,41.35135135135135,2.5046829007225044,0.33716885202033714,0.005780037463205779,2.044386687840369,-0.9903966456129601,2
32,Jack Stephens,Southampton,Centre-Back,31,1.0,2025,0.91,0.0,0.28,0.91,1.03,4.28,12,1,29,46.75,36,11,2707,32,30,7,1732,91.49,80,51.28,7,0.030254894717399335,0.03424455116364979,0.14229774658293315,0.030254894717399335,0.0,0.03324713705208718,0.39896564462504613,1.1968969338751385,0.365718507572959,0.23272995936461024,57.584041374215,2.6597709641669742,0.23272995936461024,0.009309198374584412,1.7622336455258065,-2.2945247466391434,2
33,Derry Murkin,Preston North End,Left-Back,24,1.0,2026,2.0,0.0,0.17,0.25,1.17,4.83,4,0,3,55.56,20,7,984,12,11,6,270,76.27,17,37.78,16,0.18292682926829268,0.10701219512195122,0.44176829268292683,0.022865853658536585,0.0,0.0,0.36585365853658536,1.829268292682927,0.6402439024390244,0.5487804878048781,24.695121951219512,1.5548780487804879,1.4634146341463414,0.015548780487804878,-1.2142342324353042,4.090099617972354,3
34,Eiran Cashin,Derby County,Centre-Back,23,4.0,2027,2.45,0.03,0.1,0.45,1.31,5.52,22,1,13,64.74,123,23,1968,29,20,4,844,74.69,54,30.86,11,0.11204268292682927,0.05990853658536585,0.2524390243902439,0.020579268292682928,0.001371951219512195,0.04573170731707317,1.0060975609756098,5.625,1.0518292682926829,0.18292682926829268,38.59756097560975,2.469512195121951,0.5030487804878049,0.004573170731707317,-0.11048293536495779,1.908979537655493,3
36,Luke Woolfenden,Ipswich Town,Centre-Back,25,3.0,2027,0.76,0.0,0.29,0.76,0.65,4.47,3,0,13,69.64,39,8,1072,17,11,1,522,88.32,23,39.66,6,0.06380597014925372,0.05457089552238806,0.37527985074626863,0.06380597014925372,0.0,0.0,0.251865671641791,3.2742537313432836,0.6716417910447761,0.08395522388059701,43.82462686567164,1.9309701492537312,0.503731343283582,0.024347014925373132,3.0485954742034256,1.753331419739414,0
37,Conor Coady,Leicester City,Centre-Back,32,1.0,2025,0.94,0.0,0.24,1.18,0.88,3.0,2,0,20,46.88,15,4,1294,17,16,6,400,82.99,37,48.68,5,0.06537867078825348,0.061205564142194746,0.20865533230293662,0.0820710973724884,0.0,0.0,0.1391035548686244,1.0432766615146831,0.2782071097372488,0.41731066460587324,27.820710973724882,2.5734157650695515,0.34775888717156106,0.01669242658423493,1.4994753374134286,1.1150288820127308,0
38,Adilson Malanda,Middlesbrough,Centre-Back,22,2.0,2027,0.83,0.04,0.25,0.92,0.96,4.46,4,1,22,61.21,71,21,2128,24,23,7,1422,88.1,49,44.55,14,0.035103383458646616,0.04060150375939849,0.18862781954887217,0.03890977443609023,0.0016917293233082707,0.042293233082706765,0.16917293233082706,3.0028195488721803,0.888157894736842,0.29605263157894735,60.14097744360902,2.0723684210526314,0.5921052631578947,0.010573308270676691,2.2255651846631435,-0.9280964228962156,2
40,Steve Cook,Middlesbrough,Centre-Back,34,0.5,2025,0.57,0.03,0.27,0.73,0.77,6.3,4,2,22,65.65,86,9,2158,30,23,0,860,82.3,120,53.57,3,0.02377201112140871,0.03211306765523633,0.26274328081556997,0.030444856348470807,0.0012511584800741426,0.08341056533827618,0.16682113067655235,3.586654309545876,0.3753475440222428,0.0,35.86654309545876,5.004633920296571,0.12511584800741427,0.011260426320667285,3.830871357922314,-1.3169358275794871,2
41,Lewis Miller,Middlesbrough,Right-Back,24,2.5,2027,1.93,0.0,0.21,0.76,1.41,3.52,8,1,22,59.66,71,25,2154,29,23,19,644,72.2,39,32.23,9,0.08064066852367688,0.05891364902506963,0.14707520891364903,0.03175487465181059,0.0,0.04178272980501393,0.3342618384401114,2.966573816155989,1.0445682451253482,0.7938718662952646,26.908077994428968,1.6295264623955432,0.37604456824512533,0.008774373259052925,-1.1985892392388258,1.4611318955250883,3
42,Krystian Bielik,Birmingham City,Defensive Midfielder,27,1.5,2025,1.24,0.0,0.06,0.41,1.24,3.29,7,0,7,66.67,50,16,949,17,11,3,521,85.97,30,58.82,3,0.11759747102212856,0.11759747102212856,0.3120126448893572,0.03888303477344573,0.0,0.0,0.6638566912539515,4.7418335089567965,1.517386722866175,0.2845100105374078,49.409905163329825,2.845100105374078,0.2845100105374078,0.005690200210748156,2.3115971959481176,2.1617447414569417,0
43,Ciaron Brown,Plymouth Argyle,Centre-Back,27,1.0,2026,0.81,0.0,0.19,0.95,1.49,8.7,7,0,35,57.03,146,18,3321,37,37,7,966,76.36,65,30.52,10,0.021951219512195124,0.04037940379403794,0.23577235772357721,0.025745257452574527,0.0,0.0,0.1897018970189702,3.956639566395664,0.48780487804878053,0.1897018970189702,26.178861788617887,1.7615176151761518,0.2710027100271003,0.005149051490514906,0.39337776367800315,0.10137773012286229,2
44,Harry Darling,Swansea City,Centre-Back,25,2.0,2026,1.0,0.0,0.11,0.89,0.86,5.0,5,4,31,56.88,91,15,3016,35,34,5,1717,87.02,84,36.52,5,0.029840848806366047,0.0256631299734748,0.14920424403183022,0.02655835543766578,0.0,0.11936339522546419,0.14920424403183022,2.71551724137931,0.4476127320954907,0.14920424403183022,51.2367374005305,2.5066312997347477,0.14920424403183022,0.0032824933687002652,1.9637184728007013,-1.9296933702401267,2
45,Matt Clarke,Derby County,Centre-Back,29,1.5,2026,1.76,0.02,0.27,1.04,1.49,9.31,21,3,47,58.33,168,42,4045,45,45,15,1554,77.08,149,37.91,14,0.03915945611866502,0.03315203955500618,0.20714462299134737,0.023139678615574786,0.0004449938195302843,0.06674907292954264,0.4672435105067985,3.737948084054388,0.934487021013597,0.33374536464771326,34.57601977750309,3.315203955500618,0.311495673671199,0.006007416563658839,0.6673098823022039,-0.4272049123918535,2
46,John Egan,Sheffield United,Centre-Back,32,1.0,2025,1.29,0.02,0.24,1.0,0.89,6.18,17,1,45,60.25,144,22,3706,45,42,2,1229,76.96,110,38.46,9,0.03132757690232056,0.021613599568267673,0.1500809498111171,0.024284943335132217,0.0004856988667026444,0.024284943335132217,0.41284403669724773,3.4970318402590395,0.5342687533729088,0.048569886670264434,29.846195358877495,2.671343766864544,0.21856449001618997,0.0058283864004317325,0.7188153669095821,-0.902929163159558,2
47,Jack Currie,Oxford United,Left-Back,25,1.0,2026,2.63,0.0,0.2,0.27,1.5,3.27,30,2,8,58.54,48,28,2191,30,25,14,508,74.49,32,32.65,29,0.1080328617069831,0.061615700593336376,0.1343222272934733,0.011090826106800547,0.0,0.08215426745778183,1.2323140118667275,1.971702418986764,1.1501597444089458,0.5750798722044729,20.867183934276586,1.3144682793245093,1.1912368781378366,0.008215426745778184,-3.3832203901928333,1.6028109633856145,3
48,Bosun Lawal,Preston North End,Centre-Back,23,1.5,2027,1.63,0.0,0.19,0.48,0.52,3.19,11,0,13,65.26,62,21,2123,27,25,18,891,83.19,71,50.71,9,0.06910032972209137,0.02204427696655676,0.13523316062176166,0.0203485633537447,0.0,0.0,0.46632124352331605,2.628356099858691,0.8902496467263307,0.7630711257654262,37.7720207253886,3.0098916627414036,0.3815355628827131,0.008054639660857277,0.21532331817405287,-1.1910273021715285,2
49,Sean McLoughlin,Hull City,Centre-Back,28,1.5,2026,1.32,0.0,0.25,0.91,1.8,7.84,26,1,40,61.44,196,25,3911,44,44,7,1516,77.94,109,32.15,11,0.03037586295065201,0.041421631296343644,0.18041421631296342,0.0209409358220404,0.0,0.02301201738685758,0.5983124520582971,4.510355407824086,0.5753004346714395,0.16108412170800307,34.88621835847609,2.5083098951674763,0.2531321912554334,0.005753004346714395,0.5793115116453069,-0.2342455357281029,2
51,Terry Devlin,Oxford United,Right-Back,24,1.0,2026,2.05,0.0,0.11,0.24,1.42,3.32,24,0,9,63.64,70,23,2562,38,29,16,766,70.93,47,32.19,22,0.07201405152224824,0.04988290398126464,0.11662763466042154,0.008430913348946136,0.0,0.0,0.8430913348946136,2.459016393442623,0.8079625292740047,0.5620608899297425,26.90866510538642,1.6510538641686183,0.7728337236533959,0.003864168618266979,-2.427953848583132,0.4951855077313394,1
52,Ben Cabango,Swansea City,Centre-Back,25,2.0,2027,1.64,0.02,0.27,0.69,1.07,7.0,24,5,31,58.43,156,25,4035,45,45,2,2428,83.93,128,31.76,11,0.036579925650557614,0.023866171003717473,0.15613382899628253,0.015390334572490704,0.0004460966542750929,0.11152416356877323,0.5353159851301115,3.4795539033457246,0.5576208178438662,0.04460966542750929,54.15613382899628,2.8550185873605947,0.2453531598513011,0.006022304832713755,1.4457663680304542,-1.5716392813733862,2
53,Tyler Bindon,Plymouth Argyle,Centre-Back,22,1.0,2026,1.32,0.0,0.12,0.72,1.4,6.96,8,1,18,63.04,87,21,2029,25,22,5,1107,86.55,55,36.18,5,0.058551010349926075,0.06209955643173977,0.308723509117792,0.03193691473632331,0.0,0.04435682602267127,0.35485460818137016,3.8590438639724,0.9314933464760966,0.22178413011335635,49.10300640709709,2.43962543124692,0.22178413011335635,0.005322819122720552,1.975482093073515,0.4180013881414074,2
54,Ruairi McConville,Coventry City,Centre-Back,23,0.8,2027,1.12,0.0,0.28,0.76,0.96,5.88,8,2,19,65.81,77,11,2169,25,24,5,1119,86.88,64,47.41,7,0.046473029045643155,0.03983402489626556,0.24398340248962655,0.03153526970954357,0.0,0.08298755186721991,0.33195020746887965,3.1950207468879666,0.45643153526970953,0.20746887966804978,46.43153526970954,2.6556016597510372,0.2904564315352697,0.011618257261410789,2.5745806856641926,-0.725704980716117,2
55,Alfie Jones,Hull City,Centre-Back,28,1.5,2026,1.59,0.0,0.23,0.82,0.86,4.18,9,0,18,51.22,42,17,1886,22,22,6,1067,90.19,42,39.62,3,0.07587486744432662,0.04103923647932131,0.1994697773064687,0.03913043478260869,0.0,0.0,0.4294803817603393,2.00424178154825,0.8112407211028632,0.2863202545068929,50.91728525980912,2.00424178154825,0.14316012725344646,0.010975609756097562,1.0052594586623895,-0.25687130569649597,2
56,Jimmy Dunne,Queens Park Rangers,Centre-Back,27,1.5,2026,1.23,0.0,0.23,0.69,0.85,6.77,17,0,27,62.98,182,34,3482,39,39,13,1322,79.16,111,37.88,20,0.03179207352096496,0.021970132107983917,0.17498564043653073,0.017834577828834002,0.0,0.0,0.43940264215967834,4.704192992533027,0.8788052843193567,0.3360137851809305,34.17001723147616,2.8690407811602525,0.5169442848937392,0.005944859276278002,0.469920425392738,-0.9379875312066931,2
58,Zak Swanson,Oxford United,Right-Back,24,1.0,2026,1.91,0.0,0.09,0.18,1.12,2.39,17,0,6,60.27,44,20,2226,33,27,8,778,79.07,75,48.08,21,0.07722371967654985,0.04528301886792453,0.09663072776280324,0.007277628032345013,0.0,0.0,0.6873315363881402,1.778975741239892,0.8086253369272237,0.32345013477088946,31.455525606469003,3.0323450134770886,0.8490566037735848,0.0036388140161725067,-0.9252573401556042,-0.9946242310820385,1
59,Conor Shaughnessy,Leeds United,Centre-Back,28,0.8,2025,0.68,0.0,0.32,0.74,0.84,5.53,1,1,14,77.91,67,6,1147,19,12,2,449,80.32,23,33.82,2,0.05335658238884046,0.06591107236268527,0.4339145597210114,0.05806451612903226,0.0,0.07846556233653008,0.07846556233653008,5.257192676547516,0.4707933740191805,0.15693112467306017,35.23103748910201,1.804707933740192,0.15693112467306017,0.025108979947689628,3.749680385497847,2.838485382106856,0
60,James Bree,Luton Town,Right-Back,29,1.0,2025,1.32,0.0,0.27,0.22,0.61,2.05,14,0,9,54.55,60,41,3333,41,38,12,977,79.56,28,32.56,53,0.03564356435643565,0.016471647164716472,0.05535553555355535,0.005940594059405941,0.0,0.0,0.37803780378037805,1.6201620162016201,1.1071107110711071,0.32403240324032406,26.381638163816383,0.7560756075607561,1.4311431143114313,0.0072907290729072914,-2.582621921726145,-1.3124615920663114,1
62,Milan van Ewijk,Coventry City,Right-Back,24,5.0,2028,2.11,0.05,0.3,0.27,1.2,2.55,31,2,12,46.38,32,38,3784,44,43,26,1247,80.87,49,29.34,46,0.05018498942917547,0.02854122621564482,0.060650105708245236,0.006421775898520085,0.0011892177589852009,0.04756871035940803,0.7373150105708245,0.7610993657505285,0.9038054968287527,0.6183932346723044,29.65909090909091,1.1654334038054968,1.0940803382663848,0.007135306553911205,-3.101854906445957,-0.7832017943993745,1
63,Phil Neumann,Hull City,Centre-Back,27,2.0,2027,1.16,0.06,0.25,0.84,0.78,6.72,6,2,27,60.84,87,33,2817,32,32,4,1204,82.64,63,35.39,7,0.03706070287539936,0.02492012779552716,0.21469648562300317,0.026837060702875396,0.0019169329073482426,0.06389776357827476,0.19169329073482427,2.779552715654952,1.0543130990415335,0.12779552715654952,38.466453674121404,2.012779552715655,0.22364217252396165,0.007987220447284345,1.1243728039223528,-0.41901769458176574,2
64,Joel Latibeaudiere,Coventry City,Right-Back,26,1.5,2026,0.6,0.0,0.4,0.93,0.73,5.27,3,0,14,46.34,38,9,1275,15,15,3,690,88.01,28,42.42,2,0.042352941176470586,0.051529411764705886,0.372,0.06564705882352942,0.0,0.0,0.21176470588235294,2.682352941176471,0.6352941176470589,0.21176470588235294,48.70588235294118,1.9764705882352942,0.1411764705882353,0.028235294117647063,2.791405042950318,1.320142958986072,0
65,George Campbell,Millwall,Centre-Back,23,2.0,2027,1.59,0.08,0.26,0.51,0.56,4.59,17,3,20,52.11,74,31,3090,39,33,15,1522,84.93,76,40.21,19,0.04631067961165049,0.016310679611650485,0.1336893203883495,0.014854368932038835,0.0023300970873786405,0.08737864077669902,0.4951456310679611,2.1553398058252426,0.9029126213592232,0.4368932038834951,44.33009708737864,2.2135922330097086,0.5533980582524272,0.007572815533980582,-0.03131311054470162,-1.4208166402570053,2
66,Neto Borges,Bristol City,Left-Back,24,3.0,2028,1.61,0.05,0.15,0.37,1.12,2.98,15,2,15,53.21,58,28,2757,41,30,7,1162,84.2,39,33.33,35,0.052557127312295976,0.03656147986942329,0.09727965179542981,0.012078346028291621,0.001632208922742111,0.06528835690968444,0.4896626768226333,1.8933623503808488,0.9140369967355821,0.22850924918389554,37.93253536452666,1.2731229597388465,1.1425462459194777,0.004896626768226333,-1.1579695557658976,-0.8827135425023905,1
68,José Córdoba,Swansea City,Centre-Back,28,1.5,2026,1.29,0.0,0.18,0.82,1.0,5.21,5,0,23,50.62,41,30,2255,28,24,11,1250,82.84,77,34.07,6,0.05148558758314856,0.03991130820399113,0.20793791574279377,0.03272727272727272,0.0,0.0,0.19955654101995565,1.6363636363636362,1.1973392461197339,0.4390243902439024,49.88913525498891,3.0731707317073167,0.23946784922394676,0.007184035476718403,0.5140810040487741,-0.5708769109867351,2
69,Max Alleyne,Watford,Left-Back,22,1.0,2027,1.69,0.0,0.19,0.38,0.81,4.75,8,0,6,57.69,30,4,1273,16,14,1,580,81.46,39,33.62,2,0.1194815396700707,0.0572663000785546,0.3358208955223881,0.026865671641791045,0.0,0.0,0.565593087195601,2.1209740769835035,0.2827965435978005,0.07069913589945012,41.00549882168107,2.757266300078555,0.14139827179890024,0.013432835820895522,0.9764001239002488,1.4050740895865872,0
70,Liam Lindsay,Preston North End,Centre-Back,30,1.0,2026,0.81,0.0,0.04,0.81,1.54,7.46,6,0,21,66.86,113,34,1595,26,17,2,459,73.68,43,34.96,7,0.04570532915360502,0.08689655172413793,0.42094043887147337,0.04570532915360502,0.0,0.0,0.3385579937304075,6.376175548589342,1.9184952978056427,0.11285266457680251,25.899686520376175,2.426332288401254,0.3949843260188088,0.0022570532915360503,1.3937703342150194,2.889494120624752,0
71,Noah Eile,Derby County,Centre-Back,23,1.0,2026,1.2,0.07,0.2,0.6,1.0,3.93,2,1,9,69.57,32,13,1261,15,14,2,763,88.82,23,37.7,1,0.08564631245043616,0.07137192704203013,0.28049167327517843,0.04282315622521808,0.00499603489294211,0.07137192704203013,0.14274385408406026,2.283901665344964,0.9278350515463918,0.14274385408406026,54.45678033306899,1.641554321966693,0.07137192704203013,0.014274385408406028,2.848199660440199,1.6336867122841954,0
72,George Tanner,Bristol City,Right-Back,24,1.5,2027,2.21,0.03,0.21,0.67,0.79,4.61,25,1,22,54.9,56,12,2524,33,27,6,1179,83.74,48,36.92,9,0.07880348652931854,0.028169572107765453,0.16438193343898574,0.023890649762282095,0.00106973058637084,0.03565768621236133,0.8914421553090333,1.9968304278922346,0.42789223454833597,0.21394611727416799,42.04041204437401,1.7115689381933439,0.32091917591125196,0.007488114104595879,-0.33124682917090764,-0.31285571306727145,1
73,Callum Brittain,West Bromwich Albion,Right-Back,28,1.5,2026,1.59,0.0,0.2,0.2,1.14,2.57,26,0,9,54.35,50,39,3920,44,44,24,1844,81.34,83,36.4,54,0.03650510204081633,0.0261734693877551,0.05900510204081632,0.004591836734693878,0.0,0.0,0.596938775510204,1.1479591836734693,0.8954081632653061,0.5510204081632653,42.33673469387755,1.905612244897959,1.2397959183673468,0.004591836734693878,-2.014513522207791,-1.9161666561776716,1
74,Semi Ajayi,West Bromwich Albion,Centre-Back,31,1.0,2025,1.25,0.04,0.21,0.54,1.25,5.54,6,1,13,64.71,55,8,1843,24,20,4,564,76.53,51,34.46,3,0.061041779706999456,0.061041779706999456,0.2705371676614216,0.026370048833423768,0.0019533369506239827,0.048833423765599564,0.29300054259359737,2.6858383071079763,0.3906673901247965,0.19533369506239825,27.542051003798154,2.490504612045578,0.14650027129679868,0.010255018990775909,1.0961794439352308,1.1923243523094351,0
75,Max Cleworth,Wrexham,Centre-Back,25,1.5,2027,1.78,0.02,0.22,0.63,0.85,4.93,16,1,26,60.23,106,27,3595,41,40,13,1525,79.97,100,35.84,17,0.04456189151599444,0.021279554937413073,0.12342141863699582,0.01577190542420028,0.0005006954102920723,0.025034770514603618,0.4005563282336579,2.6536856745479835,0.6759388038942976,0.325452016689847,38.17802503477051,2.503477051460362,0.4255910987482615,0.005507649513212796,-0.005761696157685814,-1.2450467161166154,2
76,Jakov Medić,Stoke City,Centre-Back,25,2.0,2027,0.38,0.06,0.06,1.19,0.88,5.13,6,1,19,56.14,32,3,1236,16,13,3,705,86.61,52,50.0,3,0.02766990291262136,0.06407766990291262,0.37354368932038834,0.0866504854368932,0.004368932038834952,0.07281553398058253,0.4368932038834952,2.330097087378641,0.2184466019417476,0.2184466019417476,51.334951456310684,3.7864077669902914,0.2184466019417476,0.004368932038834952,4.1216296042717095,0.7077818235345307,0
77,Amari'i Bell,Luton Town,Left-Back,30,0.8,2025,1.0,0.06,0.26,0.68,1.0,3.68,11,2,23,61.11,44,20,2702,34,32,11,891,76.15,54,30.51,8,0.033308660251665435,0.033308660251665435,0.1225758697261288,0.022649888971132497,0.001998519615099926,0.06661732050333087,0.36639526276831974,1.465581051073279,0.6661732050333087,0.36639526276831974,29.6780162842339,1.7986676535899333,0.2664692820133235,0.008660251665433013,-0.460939341047825,-0.1602868449093082,1
78,Femi Seriki,Watford,Right-Back,23,1.5,2027,2.18,0.05,0.13,0.11,0.79,1.66,22,2,4,47.56,39,30,2578,38,29,35,843,79.23,34,29.06,35,0.0761055081458495,0.027579519006982158,0.057951900698215666,0.0038401861908456164,0.0017455391776570986,0.06982156710628394,0.7680372381691233,1.3615205585725367,1.047323506594259,1.2218774243599688,29.42979053529868,1.186966640806827,1.2218774243599688,0.004538401861908456,-4.0219881435952365,-0.3528721351765781,1
79,Matthew Pollock,Blackburn Rovers,Centre-Back,25,1.5,2027,0.89,0.03,0.14,0.86,0.91,6.69,11,1,30,66.48,121,28,2902,35,32,4,1352,82.24,110,39.86,4,0.027601654031702273,0.028221915920055133,0.2074776016540317,0.026671261199172982,0.00093039283252929,0.031013094417643,0.34114403859407305,3.7525844245348035,0.8683666436940041,0.124052377670572,41.92970365265334,3.4114403859407303,0.124052377670572,0.0043418332184700205,1.9524949085610872,-1.0633746793246663,2
81,Jay DaSilva,Bristol City,Left-Back,28,1.0,2026,1.69,0.07,0.29,0.21,1.02,1.88,24,3,9,39.71,27,26,3552,42,41,18,1676,86.66,44,34.92,48,0.042820945945945946,0.025844594594594594,0.04763513513513513,0.005320945945945945,0.0017736486486486487,0.07601351351351351,0.6081081081081081,0.6841216216216216,0.6587837837837838,0.4560810810810811,42.46621621621622,1.114864864864865,1.2162162162162162,0.0073479729729729725,-2.052404606094788,-1.8093999043198659,1
83,Jordan Storey,Preston North End,Centre-Back,28,1.0,2026,1.09,0.02,0.21,0.6,1.65,7.07,11,1,26,66.45,206,27,3691,43,42,10,1145,74.21,63,26.14,12,0.02657816309943105,0.04023299918721213,0.17239230560823626,0.014630181522622594,0.00048767271742075315,0.02438363587103766,0.26821999458141427,5.023028989433757,0.6583581685180168,0.2438363587103766,27.91926307233812,1.5361690598753726,0.2926036304524519,0.0051205635329179084,0.12382999342185395,0.2040627034677744,2
85,Junior Tchamadeu,Coventry City,Right-Back,22,1.5,2027,2.04,0.0,0.19,0.19,0.96,1.69,11,0,5,43.75,14,23,2046,26,23,6,628,74.58,41,35.34,23,0.08973607038123167,0.04222873900293255,0.07434017595307918,0.008357771260997068,0.0,0.0,0.48387096774193544,0.6158357771260997,1.0117302052785924,0.26392961876832843,27.624633431085044,1.8035190615835777,1.0117302052785924,0.008357771260997068,-2.680605546008543,-0.190928226196422,1
86,Maksym Talovierov,Plymouth Argyle,Centre-Back,22,1.0,2027,2.44,0.13,0.25,0.75,1.13,5.0,10,2,12,66.67,34,16,1171,16,13,8,487,80.5,28,34.57,4,0.187532023911187,0.08684884713919726,0.3842869342442357,0.057643040136635355,0.009991460290350128,0.1537147736976943,0.7685738684884714,2.613151152860803,1.2297181895815543,0.6148590947907772,37.42954739538855,2.15200683176772,0.3074295473953886,0.019214346712211786,1.1264445756527603,5.545788214389446,0
87,Nathan Wood,Coventry City,Centre-Back,23,1.5,2027,0.76,0.03,0.11,0.84,0.73,4.05,3,1,31,51.2,64,19,2710,37,29,10,1703,93.37,59,50.86,2,0.025239852398523985,0.024243542435424353,0.13450184501845017,0.027896678966789667,0.000996309963099631,0.033210332103321034,0.0996309963099631,2.125461254612546,0.6309963099630996,0.33210332103321033,56.557195571955724,1.959409594095941,0.06642066420664207,0.0036531365313653137,2.0016653486256266,-2.5383672637886923,2
88,Darnell Furlong,West Bromwich Albion,Right-Back,29,1.0,2026,1.0,0.05,0.42,0.28,1.19,3.56,17,2,12,63.04,87,57,3795,43,43,11,1416,76.75,93,36.47,26,0.023715415019762848,0.028221343873517785,0.08442687747035574,0.006640316205533598,0.0011857707509881424,0.047430830039525695,0.4031620553359684,2.0632411067193677,1.3517786561264822,0.2608695652173913,33.581027667984195,2.205533596837945,0.616600790513834,0.009960474308300396,-0.6912571220617688,-0.9996715535483403,1
89,Andrew Hughes,Preston North End,Left-Back,33,0.5,2025,1.66,0.03,0.16,0.55,1.08,4.34,15,1,21,69.53,162,49,3297,38,37,8,1105,70.79,72,26.09,18,0.04531392174704277,0.02948134667879891,0.11847133757961784,0.015013648771610556,0.000818926296633303,0.0272975432211101,0.4094631483166515,4.422202001819836,1.3375796178343948,0.2183803457688808,30.163785259326662,1.9654231119199272,0.4913557779799818,0.004367606915377616,-0.7171227965634297,0.18896147372950545,1
90,Lewis Gibson,Sheffield United,Centre-Back,27,1.0,2026,1.0,0.04,0.15,0.93,0.89,5.89,12,1,25,61.29,57,16,2200,27,25,6,939,81.37,50,29.94,8,0.04090909090909091,0.03640909090909091,0.24095454545454545,0.03804545454545455,0.0016363636363636365,0.04090909090909091,0.49090909090909096,2.331818181818182,0.6545454545454545,0.24545454545454548,38.413636363636364,2.0454545454545454,0.32727272727272727,0.006136363636363637,0.5929439567550183,0.24400293179376983,2
91,Macauley Gillesphey,Plymouth Argyle,Centre-Back,29,0.5,2025,0.83,0.03,0.11,0.57,0.31,4.17,11,1,20,58.16,57,20,2101,35,22,2,676,71.99,92,35.94,11,0.035554497858162774,0.01327939076630176,0.1786292241789624,0.024416944312232267,0.001285102332222751,0.042836744407425034,0.4712041884816754,2.441694431223227,0.8567348881485007,0.08567348881485007,28.957639219419324,3.940980485483103,0.4712041884816754,0.004712041884816754,0.16225322908466241,-0.9024628813139455,2
92,Aaron Cresswell,Ipswich Town,Left-Back,35,0.3,2025,0.96,0.0,0.24,0.28,0.84,2.24,5,0,7,50.0,26,6,2001,25,22,1,965,84.95,59,41.26,19,0.0431784107946027,0.03778110944527736,0.10074962518740631,0.012593703148425789,0.0,0.0,0.22488755622188905,1.169415292353823,0.2698650674662669,0.04497751124437781,43.403298350824585,2.653673163418291,0.8545727136431783,0.010794602698650674,0.3985464735155022,-1.9003061322612453,2
93,Callum Styles,Sunderland,Left-Back,24,3.0,2027,2.02,0.02,0.27,0.13,1.18,2.44,35,1,6,59.13,68,42,3671,45,41,32,1504,82.28,68,36.17,38,0.04952329065649686,0.028929447017161533,0.05982021247616453,0.0031871424679923727,0.000490329610460365,0.02451648052301825,0.8580768183056388,1.667120675565241,1.0296921819667666,0.784527376736584,36.87278670661945,1.667120675565241,0.9316262598746935,0.0066194497412149274,-2.339188802837869,-1.135483613556107,1
101,Marc Bola,Stoke City,Left-Back,27,0.8,2026,0.86,0.05,0.16,0.22,1.22,4.16,10,2,8,69.23,54,15,2905,37,31,19,1018,78.55,45,28.48,29,0.026643717728055075,0.03779690189328743,0.12888123924268502,0.006815834767641997,0.001549053356282272,0.06196213425129088,0.3098106712564544,1.6729776247848536,0.46471600688468157,0.5886402753872634,31.538726333907057,1.3941480206540446,0.8984509466437177,0.00495697074010327,-0.9946150687166099,-0.7041259813974776,1
103,Harrison Burrows,Sheffield United,Left-Back,23,3.0,2028,1.23,0.05,0.07,0.14,0.64,2.55,24,2,6,44.59,33,17,2966,44,30,17,1185,76.95,80,32.0,50,0.037322993931220495,0.019420094403236682,0.07737693863789614,0.004248145650708025,0.001517194875252866,0.060687795010114634,0.7282535401213756,1.0013486176668915,0.5158462575859744,0.5158462575859744,35.95751854349292,2.4275118004045853,1.517194875252866,0.0021240728253540124,-2.586682923997251,-1.8202647072516835,1
104,Mark McGuinness,Cardiff City,Centre-Back,24,2.0,2027,0.52,0.0,0.12,0.4,0.8,6.92,3,0,10,67.32,103,14,1816,25,21,4,789,85.85,41,42.71,2,0.02577092511013216,0.039647577092511016,0.34295154185022025,0.019823788546255508,0.0,0.0,0.14867841409691632,5.104625550660793,0.6938325991189428,0.19823788546255508,39.102422907488986,2.0319383259911894,0.09911894273127754,0.0059471365638766515,2.438509680558125,-0.36030895360036774,2
105,Ben Mee,Brentford,Centre-Back,35,0.5,2025,0.53,0.13,0.27,0.4,0.93,7.27,2,2,6,68.48,63,5,1254,15,14,3,469,78.3,34,32.08,3,0.038038277511961725,0.0667464114832536,0.5217703349282297,0.028708133971291867,0.009330143540669857,0.14354066985645933,0.14354066985645933,4.521531100478469,0.3588516746411483,0.21531100478468898,33.66028708133971,2.4401913875598087,0.21531100478468898,0.01937799043062201,3.518741620518138,3.078952491919893,0
106,Dominic Hyam,Coventry City,Centre-Back,29,1.5,2026,0.93,0.05,0.27,0.64,1.11,7.8,20,2,28,61.03,130,39,3950,44,44,1,1623,81.6,151,41.71,3,0.021189873417721522,0.025291139240506334,0.1777215189873418,0.014582278481012659,0.001139240506329114,0.04556962025316456,0.4556962025316456,2.9620253164556964,0.8886075949367089,0.02278481012658228,36.97974683544304,3.440506329113924,0.06835443037974684,0.006151898734177216,1.3607393545683197,-1.4151619064169587,2
108,Dan Scarr,Birmingham City,Centre-Back,30,0.5,2025,0.1,0.05,0.35,0.85,0.7,6.0,9,1,17,66.34,67,8,1360,20,15,0,472,80.96,31,35.23,1,0.00661764705882353,0.0463235294117647,0.3970588235294118,0.05625,0.003308823529411765,0.0661764705882353,0.5955882352941176,4.4338235294117645,0.5294117647058824,0.0,31.235294117647058,2.0514705882352944,0.0661764705882353,0.02316176470588235,2.927271746748011,2.065994397647487,0
109,Ashley Phillips,Blackburn Rovers,Centre-Back,20,2.0,2027,0.48,0.05,0.28,0.83,0.8,6.3,2,2,33,67.01,130,26,3342,40,36,0,1502,85.54,70,39.55,6,0.012926391382405745,0.02154398563734291,0.1696588868940754,0.022351885098743265,0.0013464991023339318,0.05385996409335727,0.05385996409335727,3.5008976660682225,0.7001795332136446,0.0,40.44883303411131,1.8850987432675046,0.1615798922800718,0.007540394973070018,2.116045272843637,-1.4131898266923302,2
110,Ben Chrisene,Leeds United,Right-Back,20,1.5,2027,1.48,0.0,0.19,0.29,0.43,1.76,13,0,6,36.92,24,11,1295,21,15,14,448,74.42,20,25.97,7,0.10285714285714286,0.029884169884169882,0.12231660231660231,0.02015444015444015,0.0,0.0,0.9034749034749034,1.667953667953668,0.7644787644787645,0.9729729729729729,31.135135135135133,1.3899613899613898,0.48648648648648646,0.013204633204633205,-3.584455379758698,0.9361335412162308,3
111,Chris Mepham,Stoke City,Centre-Back,27,2.0,2026,1.04,0.08,0.12,0.44,1.0,6.52,7,2,11,66.98,71,18,1942,25,21,2,1121,87.65,71,49.65,6,0.04819773429454171,0.04634397528321318,0.3021627188465499,0.020391349124613798,0.0037075180226570545,0.09268795056642636,0.32440782698249226,3.2904222451081355,0.8341915550978373,0.09268795056642636,51.95159629248197,3.2904222451081355,0.27806385169927905,0.005561277033985582,3.1167128414926024,-0.6544351574796142,2
112,Zak Vyner,Bristol City,Right-Back,28,1.0,2026,1.2,0.09,0.31,0.49,0.69,3.09,20,3,17,56.18,50,25,2731,35,32,5,1077,76.44,77,36.49,12,0.039545953863053825,0.02273892347125595,0.1018308311973636,0.01614793116074698,0.0029659465397290368,0.09886488465763456,0.6590992310508971,1.6477480776272428,0.8238740388136214,0.16477480776272427,35.49249359209081,2.5375320395459537,0.39545953863053823,0.010216038081288905,-0.3029658984615936,-0.7190995911577791,2
113,Michał Helik,Huddersfield Town,Centre-Back,30,1.0,2025,1.09,0.02,0.14,1.12,1.7,7.4,14,1,48,55.37,170,41,3745,43,42,1,989,76.55,69,31.94,20,0.026194926568758343,0.04085447263017356,0.17783711615487316,0.02691588785046729,0.00048064085447263014,0.024032042723631505,0.3364485981308411,4.085447263017356,0.9853137516688918,0.024032042723631505,23.76769025367156,1.658210947930574,0.48064085447263016,0.0033644859813084112,-0.11473775666614863,0.12487486957789463,2
116,Alex Cochrane,Watford,Left-Back,25,1.0,2026,1.0,0.0,0.14,0.1,0.9,2.71,12,0,2,46.94,23,10,1543,21,18,3,662,79.0,32,29.63,19,0.05832793259883344,0.05249513933895009,0.1580686973428386,0.005832793259883344,0.0,0.0,0.6999351911860012,1.341542449773169,0.5832793259883343,0.1749837977965003,38.61309138042773,1.86649384316267,1.1082307193778353,0.008165910563836682,-1.7606296329850855,-0.33556428670353483,1
117,Josh Tymon,Stoke City,Left-Back,26,1.5,2026,1.16,0.0,0.27,0.11,1.13,2.4,22,0,5,44.12,30,20,3969,45,44,21,1528,82.77,60,34.88,84,0.026303854875283444,0.025623582766439907,0.05442176870748299,0.002494331065759637,0.0,0.0,0.4988662131519274,0.6802721088435374,0.4535147392290249,0.47619047619047616,34.64852607709751,1.3605442176870748,1.9047619047619047,0.006122448979591837,-2.759574140443815,-2.193900871425481,1
118,Caleb Okoli,Leicester City,Centre-Back,23,5.0,2027,1.38,0.07,0.14,1.1,1.38,7.1,7,2,32,59.21,90,26,2334,29,27,4,1228,84.05,45,26.95,7,0.05321336760925449,0.05321336760925449,0.2737789203084833,0.042416452442159386,0.002699228791773779,0.07712082262210797,0.2699228791773779,3.4704370179948585,1.0025706940874035,0.15424164524421594,47.35218508997429,1.7352185089974292,0.2699228791773779,0.005398457583547558,1.5083613352275833,0.9566372323617863,0
119,Ricardo Pereira,Leicester City,Right-Back,31,2.0,2026,2.87,0.05,0.03,0.34,1.39,3.66,25,2,13,37.5,30,37,2879,38,31,20,1360,79.72,55,32.93,30,0.08971865230982981,0.04345258770406391,0.11441472733588053,0.010628690517540814,0.0015630427231677667,0.06252170892671066,0.7815213615838833,0.93782563390066,1.1566516151441473,0.6252170892671066,42.51476207016325,1.7193469954845433,0.93782563390066,0.0009378256339006599,-2.796314339436057,-0.3134574588002257,1
120,Zak Sturge,Swansea City,Centre-Back,21,1.0,2027,1.25,0.05,0.18,0.43,0.55,2.33,18,2,17,53.61,52,35,2528,40,31,20,589,74.37,37,33.04,10,0.044501582278481014,0.019580696202531646,0.0829509493670886,0.015308544303797468,0.0017800632911392407,0.07120253164556962,0.6408227848101266,1.8512658227848102,1.2460443037974684,0.7120253164556962,20.969145569620252,1.317246835443038,0.3560126582278481,0.006408227848101265,-2.425595165683512,-0.0937296717412099,1
121,Craig Forsyth,Derby County,Left-Back,35,0.3,2025,0.84,0.05,0.11,0.11,1.16,3.32,6,1,2,56.52,26,5,1158,19,12,1,331,68.81,38,30.65,6,0.06528497409326424,0.09015544041450776,0.25803108808290154,0.00854922279792746,0.0038860103626943004,0.07772020725388601,0.46632124352331605,2.0207253886010363,0.38860103626943004,0.07772020725388601,25.72538860103627,2.9533678756476682,0.46632124352331605,0.00854922279792746,-0.022570978739289274,1.8401945862985343,3
122,Yuri Ribeiro,Bristol City,Left-Back,28,0.8,2025,1.14,0.0,0.05,0.36,0.59,2.09,6,0,8,57.78,26,13,1510,22,18,7,411,71.6,18,28.57,15,0.06794701986754965,0.03516556291390728,0.12456953642384104,0.021456953642384105,0.0,0.0,0.3576158940397351,1.5496688741721854,0.7748344370860927,0.4172185430463576,24.496688741721854,1.0728476821192052,0.8940397350993377,0.002980132450331126,-2.2637721779056563,0.23755808397320863,1
123,Brodie Spencer,Huddersfield Town,Right-Back,24,1.5,2027,2.79,0.0,0.1,0.38,1.1,2.79,18,0,11,56.12,55,35,2150,29,23,19,453,67.11,33,26.4,3,0.1167906976744186,0.04604651162790698,0.1167906976744186,0.015906976744186046,0.0,0.0,0.7534883720930232,2.302325581395349,1.4651162790697674,0.7953488372093023,18.962790697674418,1.3813953488372093,0.1255813953488372,0.004186046511627907,-3.5193482299785943,1.8879461332509297,3
124,Callum Doyle,Coventry City,Centre-Back,21,5.0,2028,1.56,0.03,0.18,0.59,1.21,5.29,25,1,20,53.0,106,31,2875,34,32,21,1391,75.43,122,38.01,20,0.04883478260869566,0.037878260869565215,0.1656,0.018469565217391303,0.0009391304347826087,0.03130434782608696,0.782608695652174,3.3182608695652176,0.9704347826086956,0.6573913043478261,43.544347826086955,3.819130434782609,0.6260869565217392,0.0056347826086956525,-0.5169485848261598,-0.5798123801699084,2
127,Ryan Giles,Luton Town,Left-Back,24,3.0,2027,0.91,0.0,0.17,0.29,0.57,2.69,14,0,10,54.55,12,16,2745,35,33,11,589,76.2,48,37.21,41,0.02983606557377049,0.018688524590163933,0.0881967213114754,0.009508196721311474,0.0,0.0,0.45901639344262296,0.39344262295081966,0.5245901639344263,0.36065573770491804,19.311475409836067,1.5737704918032787,1.3442622950819672,0.005573770491803279,-2.4485964621231098,-1.454711943699232,1
128,Lewie Coyle,Hull City,Right-Back,30,0.8,2026,1.31,0.02,0.26,0.48,0.62,3.19,15,1,20,42.0,42,38,3456,42,40,10,925,71.76,75,30.36,35,0.03411458333333334,0.016145833333333335,0.08307291666666666,0.0125,0.0005208333333333333,0.026041666666666668,0.390625,1.09375,0.9895833333333334,0.2604166666666667,24.088541666666668,1.953125,0.9114583333333334,0.0067708333333333336,-2.46525390911847,-0.9880128645416297,1
130,Luke Thomas,Coventry City,Left-Back,24,4.0,2027,1.72,0.05,0.14,0.3,1.23,4.28,24,2,13,49.65,71,51,3549,43,39,14,1236,79.33,51,29.65,53,0.04361792054099747,0.031191885038038887,0.10853761622992394,0.0076077768385460695,0.0012679628064243451,0.0507185122569738,0.6086221470836856,1.8005071851225698,1.2933220625528319,0.3550295857988166,31.344040574809807,1.2933220625528319,1.3440405748098057,0.0035502958579881664,-2.515805068828487,-0.6736574801486721,1
136,Sondre Langås,Oxford United,Centre-Back,23,1.5,2027,1.46,0.04,0.17,0.5,1.29,5.63,12,1,12,53.51,61,15,1968,24,21,3,557,78.9,26,24.3,7,0.06676829268292683,0.05899390243902439,0.25746951219512193,0.022865853658536585,0.001829268292682927,0.04573170731707317,0.5487804878048781,2.7896341463414633,0.6859756097560975,0.13719512195121952,25.472560975609756,1.1890243902439024,0.3201219512195122,0.007774390243902439,-0.6053457377693439,1.6064732330668794,3
141,Jack Stacey,Middlesbrough,Right-Back,29,0.8,2026,1.64,0.0,0.06,0.08,0.56,1.72,25,0,3,50.0,30,31,2042,36,22,13,646,75.82,43,31.39,19,0.0722820763956905,0.02468168462291871,0.07580803134182174,0.0035259549461312436,0.0,0.0,1.1018609206660137,1.3222331047992164,1.366307541625857,0.5729676787463271,28.472086190009794,1.8952007835455436,0.8374142997061704,0.0026444662095984326,-3.721561047264465,-0.479036055407165,1
142,Ronnie Edwards,Stoke City,Centre-Back,22,4.0,2027,0.96,0.04,0.11,0.46,0.96,5.54,9,1,13,56.32,49,15,2207,28,25,2,1240,87.94,67,52.34,13,0.039148164929768914,0.039148164929768914,0.22591753511554147,0.018758495695514275,0.0016311735387403716,0.04077933846850929,0.3670140462165836,1.9981875849569553,0.6116900770276393,0.08155867693701858,50.566379700951515,2.7322156773901223,0.5301314000906208,0.004485727231536021,1.8304796903869414,-1.6740136207783765,2
144,Amadou Salif Mbengue,Blackburn Rovers,Left-Back,28,1.0,2026,1.61,0.02,0.2,0.54,0.73,2.85,30,1,22,58.88,63,53,3130,41,36,24,933,78.14,46,37.1,13,0.04629392971246007,0.020990415335463256,0.08194888178913738,0.015527156549520768,0.0005750798722044729,0.02875399361022364,0.8626198083067093,1.8115015974440893,1.523961661341853,0.6900958466453674,26.82747603833866,1.3226837060702874,0.3738019169329073,0.005750798722044728,-2.4056105931395493,-0.36343635357003773,1
145,Odeluga Offiah,Luton Town,Left-Back,21,1.0,2027,2.29,0.0,0.1,0.43,0.5,2.93,11,0,18,47.95,35,31,2847,42,30,21,763,80.15,31,32.63,9,0.07239199157007377,0.015806111696522657,0.09262381454162277,0.013593256059009483,0.0,0.0,0.34773445732349845,1.106427818756586,0.9799789251844047,0.6638566912539515,24.120126448893572,0.9799789251844047,0.2845100105374078,0.0031612223393045315,-2.469250994928056,-0.6644654125736166,1
146,Sam Long,Oxford United,Right-Back,26,1.0,2026,1.28,0.03,0.15,0.53,0.93,4.35,20,1,21,51.95,80,25,3069,40,34,8,706,72.04,56,32.37,14,0.0375366568914956,0.02727272727272727,0.12756598240469208,0.015542521994134898,0.000879765395894428,0.029325513196480937,0.5865102639296187,2.3460410557184748,0.7331378299120235,0.2346041055718475,20.703812316715542,1.6422287390029324,0.4105571847507331,0.00439882697947214,-1.617111462739341,-0.2074188979459995,1
147,Welington,Sheffield United,Left-Back,26,2.0,2026,1.58,0.0,0.11,0.26,0.79,1.53,8,0,5,46.81,22,21,983,19,12,8,364,81.25,24,40.68,14,0.1446592065106816,0.0723296032553408,0.14008138351983723,0.023804679552390642,0.0,0.0,0.7324516785350966,2.014242115971516,1.9226856561546286,0.7324516785350966,33.326551373346895,2.1973550356052898,1.281790437436419,0.01007121057985758,-2.6501512115425796,1.6175377242977684,3
154,Tom Atcheson,Derby County,Centre-Back,24,1.0,2026,1.36,0.0,0.21,0.57,0.93,4.79,8,0,8,67.24,39,14,1085,14,11,4,292,66.67,23,23.71,7,0.1128110599078341,0.07714285714285715,0.39732718894009217,0.047281105990783404,0.0,0.0,0.663594470046083,3.2350230414746544,1.1612903225806452,0.3317972350230415,24.22119815668203,1.9078341013824884,0.5806451612903226,0.017419354838709676,-0.6486287706064293,4.339141522059994,3
155,Kayne Ramsay,Sunderland,Right-Back,23,1.5,2027,1.57,0.03,0.24,0.59,1.22,2.84,11,1,22,55.37,67,43,3017,37,33,18,747,74.55,69,33.82,11,0.04683460391117003,0.036393768644348685,0.0847199204507789,0.017600265164070265,0.0008949287371561153,0.02983095790520384,0.32814053695724227,1.9986741796486573,1.2827311899237652,0.5369572422936691,22.28372555518727,2.0583360954590653,0.32814053695724227,0.007159429897248922,-1.5114509206517366,-0.055452021027829264,1
157,Liam Cooper,Leeds United,Centre-Back,33,0.5,2025,0.71,0.07,0.0,1.14,1.36,5.21,7,1,16,64.94,50,10,909,14,10,2,390,77.84,27,36.49,1,0.07029702970297029,0.13465346534653466,0.5158415841584159,0.11287128712871286,0.006930693069306932,0.09900990099009901,0.6930693069306931,4.9504950495049505,0.9900990099009901,0.19801980198019803,38.613861386138616,2.6732673267326734,0.09900990099009901,0.0,3.810117308380293,5.674416401771735,0
159,Charlie Taylor,Burnley,Left-Back,31,1.0,2026,0.77,0.04,0.08,0.38,0.5,3.81,4,1,10,53.97,34,10,1684,26,18,2,774,84.22,67,46.85,5,0.04115201900237529,0.02672209026128266,0.20362232779097386,0.02030878859857482,0.0021377672209026127,0.05344418052256532,0.21377672209026127,1.8171021377672207,0.5344418052256532,0.10688836104513064,41.365795724465556,3.5807600950118763,0.2672209026128266,0.004275534441805225,1.708990791761349,-1.6795764726770392,2
160,Pol Valentín,Plymouth Argyle,Right-Back,27,1.5,2026,2.15,0.06,0.09,0.27,0.79,2.09,20,2,9,25.71,9,25,2008,33,22,20,325,63.98,17,17.71,11,0.09636454183266932,0.035408366533864546,0.09367529880478087,0.01210159362549801,0.0026892430278884463,0.08964143426294821,0.8964143426294822,0.40338645418326696,1.1205179282868527,0.8964143426294822,14.566733067729084,0.7619521912350598,0.49302788844621515,0.00403386454183267,-5.599250677358903,1.6754002434698203,3
161,Kellen Fisher,Plymouth Argyle,Right-Back,26,1.0,2026,2.14,0.09,0.16,0.3,1.05,2.49,18,4,13,51.28,40,50,3464,43,38,28,1270,82.04,63,36.21,28,0.05560046189376444,0.02728060046189377,0.06469399538106237,0.00779445727482679,0.002338337182448037,0.10392609699769054,0.4676674364896074,1.0392609699769053,1.2990762124711317,0.7274826789838338,32.99653579676674,1.636836027713626,0.7274826789838338,0.004157043879907622,-1.9523685351810485,-0.9764112947807171,1
163,Regan Poole,Preston North End,Right-Back,28,1.0,2026,0.93,0.1,0.24,0.78,1.63,6.51,16,4,32,55.61,124,36,3620,41,40,10,1442,82.4,109,42.58,11,0.02312154696132597,0.040524861878453035,0.16185082872928178,0.019392265193370166,0.0024861878453038676,0.09944751381215469,0.39779005524861877,3.0828729281767955,0.8950276243093923,0.24861878453038674,35.850828729281766,2.7099447513812156,0.27348066298342544,0.0059668508287292815,1.0381818966228897,-0.8339978267865589,2
164,Yan Valery,Sheffield United,Right-Back,26,1.5,2026,1.78,0.09,0.09,0.3,0.57,2.04,9,2,7,54.12,46,18,2050,23,23,36,570,77.03,34,47.22,16,0.07814634146341463,0.025024390243902437,0.0895609756097561,0.013170731707317073,0.003951219512195122,0.08780487804878048,0.39512195121951216,2.0195121951219512,0.7902439024390243,1.5804878048780486,25.024390243902438,1.4926829268292683,0.7024390243902439,0.003951219512195122,-2.3467722304981793,-0.2608547267172398,1
165,Rhys Norrington-Davies,Sheffield United,Left-Back,26,2.0,2027,1.82,0.03,0.13,0.33,0.64,2.28,19,1,13,58.96,79,36,3034,39,34,20,935,74.56,54,38.57,25,0.05398813447593936,0.01898483849703362,0.06763348714568226,0.009789057350032961,0.0008899143045484509,0.029663810151615032,0.5636123928806857,2.3434410019775873,1.067897165458141,0.5932762030323007,27.735662491760056,1.6018457481872117,0.7415952537903758,0.0038562953197099543,-2.01654355371319,-0.8276078870070055,1
166,Joshua Quarshie,Millwall,Centre-Back,21,0.8,2027,0.92,0.15,0.08,0.38,0.85,3.69,3,2,5,58.97,23,11,950,13,11,1,601,88.64,22,37.29,5,0.08715789473684211,0.08052631578947368,0.34957894736842104,0.036000000000000004,0.014210526315789474,0.18947368421052632,0.28421052631578947,2.1789473684210527,1.0421052631578946,0.09473684210526316,56.93684210526316,2.0842105263157893,0.4736842105263158,0.007578947368421053,3.025213148771509,2.442224483182347,0
167,Max Johnston,Middlesbrough,Right-Back,23,3.0,2027,1.2,0.0,0.13,0.07,0.2,2.67,4,0,1,20.0,4,4,970,15,11,3,154,67.84,17,34.69,6,0.111340206185567,0.018556701030927835,0.24773195876288656,0.0064948453608247424,0.0,0.0,0.37113402061855666,0.37113402061855666,0.37113402061855666,0.2783505154639175,14.288659793814432,1.577319587628866,0.556701030927835,0.012061855670103093,-3.219703912683388,0.5871928403252523,3
168,Benjamin Nelson,Blackburn Rovers,Centre-Back,24,1.5,2027,1.63,0.04,0.04,0.83,1.21,6.96,8,1,20,55.77,58,9,1909,24,22,5,804,82.21,54,37.5,2,0.07684651650078575,0.057045573598742794,0.32812991094814037,0.03913043478260869,0.0018858040859088528,0.047145102147721316,0.3771608171817705,2.7344159245678363,0.42430591932949185,0.2357255107386066,37.90466212676794,2.5458355159769512,0.09429020429544263,0.0018858040859088528,1.4502450167726122,0.8753631778796024,0
169,Josh Key,Exeter City,Right-Back,25,1.5,2027,1.03,0.0,0.13,0.23,0.53,2.37,20,0,7,28.33,17,22,2046,30,22,15,921,81.36,29,29.0,26,0.045307917888563046,0.023313782991202348,0.10425219941348973,0.010117302052785923,0.0,0.0,0.8797653958944281,0.7478005865102639,0.9677419354838709,0.6598240469208211,40.51319648093841,1.2756598240469208,1.1436950146627565,0.005718475073313783,-3.6450585342544115,-1.1885421386252646,1
173,Cody Drameh,Leeds United,Right-Back,23,3.0,2027,1.87,0.0,0.09,0.22,0.61,2.52,14,0,5,48.48,16,4,1453,23,16,2,473,78.05,26,34.67,10,0.11582931865106676,0.03778389538885065,0.1560908465244322,0.013626978664831382,0.0,0.0,0.8671713695801788,0.9910529938059187,0.24776324845147968,0.12388162422573984,29.298004129387472,1.610461114934618,0.6194081211286991,0.005574673090158293,-1.9498553539735193,0.22621548718294873,1
174,Andrija Vukčević,Watford,Centre-Back,29,1.0,2026,0.66,0.0,0.0,0.24,0.21,1.55,8,0,7,37.78,17,25,1301,29,16,6,220,69.18,17,30.36,16,0.04565718677940046,0.01452728670253651,0.10722521137586472,0.01660261337432744,0.0,0.0,0.5534204458109147,1.1760184473481936,1.7294388931591083,0.415065334358186,15.219062259800154,1.1760184473481936,1.1068408916218293,0.0,-4.2110123754351285,-0.3035039138947698,1
175,Jordan Lee Williams,Wrexham,Right-Back,24,1.0,2026,1.67,0.0,0.1,0.27,0.67,1.83,12,0,8,50.0,21,18,1778,30,16,13,412,75.46,24,31.58,13,0.08453318335208099,0.03391451068616423,0.09263217097862766,0.013667041619797525,0.0,0.0,0.6074240719910011,1.0629921259842519,0.9111361079865017,0.6580427446569178,20.854893138357703,1.2148481439820022,0.6580427446569178,0.005061867266591676,-3.1325006184224735,0.19196099402883926,1
176,Cameron Pring,Bristol City,Left-Back,26,1.5,2026,1.28,0.08,0.12,0.52,1.0,3.44,16,2,13,48.0,24,25,1525,25,16,13,469,76.14,26,29.21,10,0.07554098360655738,0.05901639344262296,0.20301639344262296,0.030688524590163937,0.004721311475409836,0.11803278688524592,0.9442622950819674,1.416393442622951,1.4754098360655739,0.7672131147540985,27.678688524590168,1.534426229508197,0.5901639344262296,0.007081967213114755,-2.300594078014999,2.0912233270590606,3
178,Saba Goglichidze,Exeter City,Centre-Back,20,3.0,2028,1.75,0.08,0.0,0.25,0.75,3.67,4,1,3,36.11,13,7,922,12,11,1,319,84.84,30,50.0,0,0.170824295010846,0.07321041214750543,0.3582429501084599,0.024403470715835145,0.0078091106290672455,0.09761388286334058,0.3904555314533623,1.2689804772234274,0.683297180043384,0.09761388286334058,31.13882863340564,2.9284164859002173,0.0,0.0,0.9402743629044046,2.1055819369760065,0
181,James Abankwah,Sunderland,Centre-Back,21,2.0,2028,1.32,0.1,0.13,0.48,0.84,5.06,11,3,15,67.68,67,40,2602,31,30,13,1024,81.33,55,32.35,9,0.04565718677940046,0.02905457340507302,0.17501921598770176,0.01660261337432744,0.003458877786318217,0.1037663335895465,0.38047655649500384,2.317448116833205,1.3835511145272867,0.4496541122213682,35.41890853189854,1.9023827824750192,0.3112990007686395,0.004496541122213682,-0.023078813008200402,-0.10393019056884455,2
183,Josh Knight,Luton Town,Centre-Back,27,1.0,2026,0.43,0.0,0.14,0.5,0.57,5.86,0,0,7,51.67,31,7,972,14,10,0,322,79.12,22,37.93,1,0.03981481481481481,0.05277777777777777,0.5425925925925926,0.046296296296296294,0.0,0.0,0.0,2.8703703703703702,0.6481481481481481,0.0,29.814814814814813,2.0370370370370368,0.09259259259259259,0.012962962962962963,2.2725050534721594,1.7806434287315318,0
185,Connor Ogilvie,Portsmouth,Left-Back,29,0.8,2026,0.81,0.0,0.13,0.34,0.75,3.19,4,0,11,59.06,101,25,2604,32,32,5,849,75.74,57,32.95,12,0.027995391705069126,0.025921658986175114,0.11025345622119816,0.01175115207373272,0.0,0.0,0.1382488479262673,3.4907834101382487,0.8640552995391705,0.1728110599078341,29.34331797235023,1.9700460829493087,0.4147465437788018,0.004493087557603687,-0.2726424129759782,-1.0084253991436942,2
189,Dion Sanderson,Birmingham City,Right-Back,25,2.0,2027,0.92,0.03,0.26,0.68,1.16,4.97,6,1,26,55.13,86,42,3173,38,36,9,1106,86.95,62,38.27,4,0.02609517806492279,0.0329026158209896,0.14097069019855027,0.019287740308855977,0.0008509297195083517,0.028364323983611727,0.17018594390167036,2.4393318625906084,1.1913016073116924,0.25527891585250556,31.37094232587457,1.758588086983927,0.11345729593444691,0.007374724235739049,0.377965835802064,-0.9242945493207095,2
190,Dominic Iorfa,Sheffield Wednesday,Centre-Back,29,1.0,2026,1.68,0.15,0.09,0.56,0.85,6.12,11,5,19,66.67,126,27,2662,34,32,9,888,81.24,37,33.33,6,0.056799398948159274,0.02873779113448535,0.2069120961682945,0.01893313298271976,0.005071374906085649,0.169045830202855,0.371900826446281,4.259954921111945,0.912847483095417,0.304282494365139,30.022539444027046,1.250939143501127,0.20285499624342598,0.0030428249436513896,0.8241517731685367,0.5045216100906027,2
191,Max Lowe,Sheffield United,Left-Back,27,1.5,2026,1.64,0.07,0.11,0.82,1.64,4.04,24,2,23,56.0,42,27,2399,28,27,8,929,77.61,54,30.86,17,0.06152563568153397,0.06152563568153397,0.1515631513130471,0.030762817840766985,0.002626094205919133,0.07503126302626094,0.9003751563151313,1.57565652355148,1.0129220508545227,0.30012505210504375,34.85202167569821,2.0258441017090454,0.637765735723218,0.004126719466444352,-1.1218994524011539,0.9163556162345816,1
194,Bright Osayi-Samuel,Rangers,Right-Back,27,4.0,2026,1.04,0.04,0.07,0.07,0.56,1.22,10,1,2,47.92,23,22,1568,27,19,17,474,81.72,16,40.0,7,0.059693877551020416,0.03214285714285715,0.07002551020408164,0.004017857142857143,0.002295918367346939,0.05739795918367348,0.5739795918367347,1.3201530612244898,1.2627551020408165,0.975765306122449,27.206632653061227,0.9183673469387756,0.4017857142857143,0.004017857142857143,-2.660177288328774,-0.5386473070392681,1
197,Gabriel Otegbayo,Millwall,Centre-Back,22,1.0,2027,1.03,0.09,0.06,0.66,0.77,5.03,5,3,23,50.38,66,37,2522,35,28,2,835,84.0,44,43.56,7,0.03675654242664552,0.0274781919111816,0.1795003965107058,0.023552735923869944,0.003211736716891356,0.1070578905630452,0.17842981760507534,2.3552735923869945,1.3203806502775575,0.07137192704203013,29.797779540047582,1.570182394924663,0.24980174464710547,0.002141157811260904,0.5575360294489138,-0.685619306339017,2
199,Eric Bocat,Huddersfield Town,Left-Back,25,1.0,2026,1.03,0.03,0.14,0.41,1.21,1.97,11,1,12,52.17,24,13,1815,29,21,9,588,75.68,28,28.28,11,0.05107438016528926,0.06,0.09768595041322313,0.020330578512396693,0.0014876033057851239,0.04958677685950413,0.5454545454545454,1.1900826446280992,0.6446280991735537,0.44628099173553715,29.157024793388427,1.3884297520661155,0.5454545454545454,0.006942148760330578,-1.684986134291515,0.494913149040981,1
203,Greg Leigh,Oxford United,Left-Back,31,0.5,2025,0.94,0.0,0.0,0.19,0.81,3.69,6,0,3,52.63,30,3,909,16,10,2,135,56.72,7,15.56,2,0.09306930693069307,0.0801980198019802,0.36534653465346534,0.01881188118811881,0.0,0.0,0.594059405940594,2.9702970297029703,0.297029702970297,0.19801980198019803,13.366336633663368,0.6930693069306931,0.19801980198019803,0.0,-2.451620095757359,3.597038478727158,3
204,Kévin Keben Biakolo,Plymouth Argyle,Centre-Back,24,1.0,2027,0.93,0.03,0.03,0.41,0.79,4.52,9,1,12,58.44,45,17,2120,29,22,8,1033,85.09,53,36.55,6,0.0394811320754717,0.0335377358490566,0.19188679245283016,0.017405660377358488,0.0012735849056603771,0.04245283018867924,0.3820754716981132,1.910377358490566,0.7216981132075472,0.33962264150943394,43.85377358490566,2.25,0.25471698113207547,0.0012735849056603771,0.48104748523428154,-1.162914463786665,2
207,Liam Palmer,Sheffield Wednesday,Right-Back,34,0.5,2025,1.31,0.0,0.09,0.42,0.82,2.51,19,0,19,50.7,36,37,3748,45,42,8,1108,75.89,66,28.33,14,0.03145677694770544,0.019690501600853786,0.06027214514407683,0.010085378868729988,0.0,0.0,0.45624332977588045,0.8644610458911419,0.8884738527214514,0.192102454642476,26.606189967982925,1.584845250800427,0.33617929562433296,0.0021611526147278545,-2.050167003263785,-1.2453365783341364,1
214,Liam Morrison,Birmingham City,Centre-Back,21,1.5,2027,0.67,0.0,0.08,0.75,1.5,6.75,5,0,9,55.71,39,10,1040,12,12,2,429,87.37,26,46.43,3,0.05798076923076924,0.12980769230769232,0.5841346153846154,0.06490384615384616,0.0,0.0,0.4326923076923077,3.375,0.8653846153846154,0.17307692307692307,37.125,2.25,0.25961538461538464,0.006923076923076923,3.012580968183766,3.470534678564852,0
216,Reece Burke,Luton Town,Centre-Back,29,0.8,2026,0.59,0.0,0.12,0.41,0.88,4.35,1,0,7,52.54,31,15,952,17,12,5,190,61.69,10,17.86,4,0.055777310924369744,0.08319327731092437,0.4112394957983193,0.03876050420168067,0.0,0.0,0.09453781512605042,2.9306722689075633,1.4180672268907564,0.4726890756302521,17.96218487394958,0.9453781512605042,0.37815126050420167,0.01134453781512605,-1.4398006633663076,3.9618430773837994,3
