#,Name,Tackles,Errors leading to goal,Clean sheets,Blocked shots,Interceptions,Clearances,Dribbled past,Errors leading to shot,Blocked shots.1,Aerial duels won %,Aerial duels won,Fouls,PC1,PC2,Cluster
1,Harry Souttar,0.5,0.0,0.0,1.0,0.5,11.0,1,0,2,76.47,13,1,-0.013934509758014142,-3.5213886313252245,0
2,Taylor Harwood-Bellis,0.84,0.0,0.28,0.7,0.88,7.47,10,6,30,57.84,155,30,3.2897139151175505,-0.9136217927847984,0
3,Luke Ayling,1.96,0.0,0.24,0.59,0.93,2.41,18,6,27,47.59,69,25,2.2413903513594247,1.898639746905206,2
4,Jannik Vestergaard,1.45,0.0,0.13,0.55,0.87,8.06,9,2,17,65.75,119,18,1.8368591367054425,-0.8563148275647474,0
5,Robert Atkinson,1.4,0.04,0.28,0.52,1.2,5.12,7,0,13,74.6,94,5,0.6895129501879647,-0.8651805934658227,0
6,Dael Fry,0.72,0.0,0.28,1.03,0.72,6.0,3,1,33,67.72,107,11,0.7372830238761617,-2.1593299054465027,0
7,Caleb Taylor,1.07,0.04,0.32,1.07,1.82,6.14,13,1,30,72.13,132,16,2.7918269611330007,-1.3685689900643125,0
8,Dara O'Shea,0.54,0.04,0.37,1.0,0.85,6.35,11,5,46,70.08,171,19,3.092557562707857,-1.7214138273248398,0
9,Bobby Thomas,1.09,0.0,0.27,0.88,0.79,5.67,16,2,29,62.77,118,25,1.9468981219817083,-0.43668550003631856,0
10,Jake Cooper,0.94,0.0,0.4,0.74,0.85,7.4,20,2,35,73.61,279,54,4.438500592917958,-0.4826824530524287,0
11,Jacob Greaves,1.29,0.0,0.33,0.71,0.96,6.17,8,2,17,66.1,117,23,1.7799200565615403,-0.762715874584105,0
12,Lloyd Jones,0.93,0.02,0.24,1.28,1.35,9.61,8,2,59,67.15,276,54,5.12373134291537,-2.1675686976269546,0
13,Ben Wilmot,1.03,0.03,0.32,0.59,0.47,4.76,8,2,20,61.88,99,13,0.547850062951642,-0.6881885099351781,0
14,Cédric Kipré,1.0,0.0,0.38,0.47,0.88,5.31,9,3,15,59.38,76,21,1.1279324567385516,-0.31057376027054595,0
15,Sam McCallum,1.3,0.0,0.05,0.45,1.4,2.65,7,0,9,62.5,50,6,-0.20095047225473245,-0.07561135537275514,1
16,Stephen Mfuni,2.5,0.0,0.13,0.38,0.75,6.0,0,2,3,95.45,21,3,0.5559191721580959,-0.4013761708991299,0
17,Rob Dickie,0.97,0.03,0.24,0.91,1.24,7.91,12,2,30,68.48,126,15,2.4702946305538083,-1.5771833308191756,0
18,Christoph Klarer,0.98,0.0,0.23,0.58,1.28,7.28,13,0,25,69.28,230,40,3.0402130308780526,-0.8826368621003932,0
19,Liam Kitching,1.03,0.05,0.29,0.58,0.97,6.11,8,1,22,55.6,144,41,1.9897014693269353,-0.4581319826187135,0
20,Matt Targett,1.22,0.0,0.16,0.18,1.16,1.76,23,1,8,44.05,37,25,0.26531235950343923,2.0480452783348024,2
21,Nathaniel Phillips,1.38,0.03,0.35,0.68,1.28,7.08,18,0,27,65.12,168,27,2.6267676875590635,-0.3593203679853264,0
22,Daniel Imray,1.5,0.0,0.44,0.19,1.13,1.88,7,1,3,43.48,10,11,-0.8611686718924124,1.0500286756783583,1
23,Tristan Crama,1.73,0.02,0.4,0.67,1.44,5.92,25,3,32,64.2,156,58,4.521623761675923,1.4321605955651557,2
24,Kai Wagner,2.0,0.0,0.25,0.19,0.63,3.0,11,0,3,52.0,26,10,-0.8522612603374059,1.2854676076047349,1
25,Leif Davis,0.84,0.03,0.3,0.14,0.86,2.24,20,1,5,58.65,61,23,0.20300225528397023,1.1704461625202813,2
26,Jack Robinson,0.72,0.0,0.11,1.0,0.61,5.61,4,0,18,66.36,73,8,-0.044365695159932494,-1.987010805761689,0
27,Charlie Hughes,1.24,0.02,0.32,1.44,1.22,7.15,10,2,59,66.67,104,42,3.2902158726309856,-1.2592097428510172,0
28,Jeremy Ngakia,3.48,0.06,0.09,0.15,1.12,2.88,28,2,5,42.19,27,28,1.8178417499912285,4.230234727338722,2
29,Ryan Leonard,2.04,0.0,0.28,0.2,0.72,2.68,13,0,5,51.22,42,27,-0.14706511600474229,1.8103331470905313,2
30,Cameron Burgess,0.93,0.0,0.26,1.09,1.26,8.35,8,4,50,66.31,185,14,3.3955935219170077,-2.1798430102582937,0
31,Japhet Tanganga,1.19,0.0,0.24,0.98,1.62,7.0,9,3,41,69.89,195,51,4.405749039523567,-0.8865461471800266,0
32,Jack Stephens,0.91,0.0,0.28,0.91,1.03,4.28,12,1,29,46.75,36,11,0.2320403988975494,-0.4986317543556332,0
33,Derry Murkin,2.0,0.0,0.17,0.25,1.17,4.83,4,0,3,55.56,20,7,-0.3942192605738961,0.3306349983344819,1
34,Eiran Cashin,2.45,0.03,0.1,0.45,1.31,5.52,22,1,13,64.74,123,23,2.5889776224877936,1.439134552873559,2
35,Josh Edwards,1.71,0.0,0.14,0.14,0.29,3.71,5,0,1,56.41,22,7,-1.477242796545838,0.4753200794324604,1
36,Luke Woolfenden,0.76,0.0,0.29,0.76,0.65,4.47,3,0,13,69.64,39,8,-0.6197468194710309,-1.4905189084568287,1
37,Conor Coady,0.94,0.0,0.24,1.18,0.88,3.0,2,0,20,46.88,15,4,-0.8929558639756906,-1.276735220645427,1
38,Adilson Malanda,0.83,0.04,0.25,0.92,0.96,4.46,4,1,22,61.21,71,21,0.7148292842145899,-1.2177370479953669,0
39,Hayden Carter,0.7,0.1,0.2,0.5,0.9,7.3,2,0,5,58.82,20,9,-0.2255789170339761,-1.6943741752512178,0
40,Steve Cook,0.57,0.03,0.27,0.73,0.77,6.3,4,2,22,65.65,86,9,0.6854474582966413,-1.8802944590054465,0
41,Lewis Miller,1.93,0.0,0.21,0.76,1.41,3.52,8,1,22,59.66,71,25,1.374403336801131,0.43786046685317176,0
42,Krystian Bielik,1.24,0.0,0.06,0.41,1.24,3.29,7,0,7,66.67,50,16,0.03196770743404507,-0.057407933856513375,0
43,Ciaron Brown,0.81,0.0,0.19,0.95,1.49,8.7,7,0,35,57.03,146,18,2.0303111429327148,-2.1348351131983985,0
44,Harry Darling,1.0,0.0,0.11,0.89,0.86,5.0,5,4,31,56.88,91,15,1.4362857981279082,-1.0370712754674656,0
45,Matt Clarke,1.76,0.02,0.27,1.04,1.49,9.31,21,3,47,58.33,168,42,4.81884418273577,-0.12473737812866975,0
46,John Egan,1.29,0.02,0.24,1.0,0.89,6.18,17,1,45,60.25,144,22,2.1859026961208015,-0.5865425389234646,0
47,Jack Currie,2.63,0.0,0.2,0.27,1.5,3.27,30,2,8,58.54,48,28,2.3098594949070756,3.1663392814680917,2
48,Bosun Lawal,1.63,0.0,0.19,0.48,0.52,3.19,11,0,13,65.26,62,21,-0.05911014349029665,0.5652837767393223,1
49,Sean McLoughlin,1.32,0.0,0.25,0.91,1.8,7.84,26,1,40,61.44,196,25,3.9901220097429086,-0.3185773738726147,0
50,Akin Famewo,1.4,0.0,0.13,0.27,0.53,2.2,1,0,4,65.52,19,6,-1.5862236252236435,-0.030153891149301056,1
51,Terry Devlin,2.05,0.0,0.11,0.24,1.42,3.32,24,0,9,63.64,70,23,1.3273113128961989,1.997737312678515,2
52,Ben Cabango,1.64,0.02,0.27,0.69,1.07,7.0,24,5,31,58.43,156,25,3.880956044417412,0.5662172099502392,0
53,Tyler Bindon,1.32,0.0,0.12,0.72,1.4,6.96,8,1,18,63.04,87,21,1.7077883591375187,-0.8710536043798549,0
54,Ruairi McConville,1.12,0.0,0.28,0.76,0.96,5.88,8,2,19,65.81,77,11,1.0759082747577102,-1.0411340816640067,0
55,Alfie Jones,1.59,0.0,0.23,0.82,0.86,4.18,9,0,18,51.22,42,17,0.1168178871512708,0.00961885027192074,0
56,Jimmy Dunne,1.23,0.0,0.23,0.69,0.85,6.77,17,0,27,62.98,182,34,2.2954080837780517,-0.3445426597291376,0
57,Elias Jelert,0.75,0.0,0.13,0.38,0.5,0.75,3,1,3,28.57,2,2,-2.3896318352281893,0.22733513562084476,1
58,Zak Swanson,1.91,0.0,0.09,0.18,1.12,2.39,17,0,6,60.27,44,20,0.2113253757932009,1.7461047737637785,2
59,Conor Shaughnessy,0.68,0.0,0.32,0.74,0.84,5.53,1,1,14,77.91,67,6,0.143594200831368,-2.051581580733186,0
60,James Bree,1.32,0.0,0.27,0.22,0.61,2.05,14,0,9,54.55,60,41,0.016586691648819263,1.5541498631155615,2
61,Brandon Powell,1.0,0.0,0.0,1.0,0.0,0.0,2,0,1,0.0,0,3,-3.0665747236144885,0.2316644126941382,1
62,Milan van Ewijk,2.11,0.05,0.3,0.27,1.2,2.55,31,2,12,46.38,32,38,1.8964059037116887,3.3225348371091528,2
63,Phil Neumann,1.16,0.06,0.25,0.84,0.78,6.72,6,2,27,60.84,87,33,1.8148424790382713,-0.9125388039441681,0
64,Joel Latibeaudiere,0.6,0.0,0.4,0.93,0.73,5.27,3,0,14,46.34,38,9,-0.6543516332581907,-1.618166205733492,1
65,George Campbell,1.59,0.08,0.26,0.51,0.56,4.59,17,3,20,52.11,74,31,1.668262174941394,1.0615534488762677,2
66,Neto Borges,1.61,0.05,0.15,0.37,1.12,2.98,15,2,15,53.21,58,28,1.1835594899951523,1.3421998572199592,2
67,Kaine Kesler-Hayden,0.86,0.0,0.0,0.09,0.36,1.23,6,0,2,45.45,10,5,-2.4103732770967645,0.48973107828794776,1
68,José Córdoba,1.29,0.0,0.18,0.82,1.0,5.21,5,0,23,50.62,41,30,0.47023659741831675,-0.41657220881071416,0
69,Max Alleyne,1.69,0.0,0.19,0.38,0.81,4.75,8,0,6,57.69,30,4,-0.5506737599668214,0.07667901822639386,1
70,Liam Lindsay,0.81,0.0,0.04,0.81,1.54,7.46,6,0,21,66.86,113,34,2.0480820908978847,-1.527782169392053,0
71,Noah Eile,1.2,0.07,0.2,0.6,1.0,3.93,2,1,9,69.57,32,13,0.14868494831159107,-0.7692277426113695,0
72,George Tanner,2.21,0.03,0.21,0.67,0.79,4.61,25,1,22,54.9,56,12,1.241409291055057,1.454597769627927,2
73,Callum Brittain,1.59,0.0,0.2,0.2,1.14,2.57,26,0,9,54.35,50,39,0.9907588511948171,2.4335129696593496,2
74,Semi Ajayi,1.25,0.04,0.21,0.54,1.25,5.54,6,1,13,64.71,55,8,0.6392695400216342,-0.8076322868897751,0
75,Max Cleworth,1.78,0.02,0.22,0.63,0.85,4.93,16,1,26,60.23,106,27,1.6394044626794655,0.615128175015182,2
76,Jakov Medić,0.38,0.06,0.06,1.19,0.88,5.13,6,1,19,56.14,32,3,0.07602089474208135,-2.101175224715444,0
77,Amari'i Bell,1.0,0.06,0.26,0.68,1.0,3.68,11,2,23,61.11,44,20,0.8694937701963554,-0.13690860410964248,0
78,Femi Seriki,2.18,0.05,0.13,0.11,0.79,1.66,22,2,4,47.56,39,30,0.7881768283028227,2.97337457153717,2
79,Matthew Pollock,0.89,0.03,0.14,0.86,0.91,6.69,11,1,30,66.48,121,28,1.888226390722071,-1.1532677625797032,0
80,Ki-Jana Hoever,0.93,0.0,0.07,0.07,0.8,1.8,4,0,1,78.26,18,10,-1.3414357296353738,-0.04501887514583239,1
81,Jay DaSilva,1.69,0.07,0.29,0.21,1.02,1.88,24,3,9,39.71,27,26,1.0283664943562885,2.624370706093804,2
82,Yukinari Sugawara,0.0,0.0,0.0,0.0,0.0,0.5,0,0,0,0.0,0,0,-4.318389156052474,0.18633655588696907,1
83,Jordan Storey,1.09,0.02,0.21,0.6,1.65,7.07,11,1,26,66.45,206,27,3.0677385345557138,-1.0250818330934943,0
84,Ethan Laird,0.7,0.0,0.05,0.15,0.65,2.4,5,0,3,54.1,33,7,-1.6672341205093657,-0.14346717741134074,1
85,Junior Tchamadeu,2.04,0.0,0.19,0.19,0.96,1.69,11,0,5,43.75,14,23,-0.6037904026701002,1.981163393735238,2
86,Maksym Talovierov,2.44,0.13,0.25,0.75,1.13,5.0,10,2,12,66.67,34,16,1.8153824655264512,0.5269718949249463,2
87,Nathan Wood,0.76,0.03,0.11,0.84,0.73,4.05,3,1,31,51.2,64,19,0.04074351646202933,-1.0487062535722846,0
88,Darnell Furlong,1.0,0.05,0.42,0.28,1.19,3.56,17,2,12,63.04,87,57,2.2687841113753406,1.3137360300777994,2
89,Andrew Hughes,1.66,0.03,0.16,0.55,1.08,4.34,15,1,21,69.53,162,49,2.7909902293490187,0.8160096083327739,2
90,Lewis Gibson,1.0,0.04,0.15,0.93,0.89,5.89,12,1,25,61.29,57,16,1.0183687608763174,-0.9272178685350013,0
91,Macauley Gillesphey,0.83,0.03,0.11,0.57,0.31,4.17,11,1,20,58.16,57,20,-0.11851130908242946,-0.27388050920742824,1
92,Aaron Cresswell,0.96,0.0,0.24,0.28,0.84,2.24,5,0,7,50.0,26,6,-1.4627425376201533,0.019994350607726617,1
93,Callum Styles,2.02,0.02,0.27,0.13,1.18,2.44,35,1,6,59.13,68,42,2.0805479851905764,3.44385420780473,2
94,Jacob Farrell,0.0,0.0,0.0,0.0,0.0,0.0,0,0,0,0.0,0,0,-4.395970129550558,0.2825864475451372,1
95,Alex Williams,1.0,0.0,0.0,0.0,0.0,1.0,0,0,0,100.0,1,0,-2.46171173954836,-0.4571791680044316,1
96,Scott Wharton,0.67,0.0,0.17,0.58,1.08,5.5,2,0,7,60.27,44,7,-0.4155287785459005,-1.5404126631232007,0
97,George McCormick,0.0,0.0,0.0,0.0,1.0,4.0,0,0,0,50.0,1,0,-2.1747578962006675,-1.1998794944282694,1
98,Madiodio Dia,1.0,0.14,0.0,0.71,1.29,6.29,2,1,5,66.67,10,5,0.5540614707394095,-1.6148378514793582,0
99,James Justin,0.5,0.0,0.0,0.5,0.5,3.5,0,0,1,53.85,7,1,-1.9847298766359858,-1.2649789601242438,1
100,Ashley Young,0.69,0.0,0.0,0.0,0.15,1.15,0,0,0,50.0,6,1,-3.0561538164108244,-0.04695848053404256,1
101,Marc Bola,0.86,0.05,0.16,0.22,1.22,4.16,10,2,8,69.23,54,15,0.7067744239671307,-0.15102280942822957,0
102,Ben Davies,0.6,0.0,0.0,0.6,0.8,3.6,5,0,6,60.0,12,3,-1.2086306087829528,-1.0587365406547127,1
103,Harrison Burrows,1.23,0.05,0.07,0.14,0.64,2.55,24,2,6,44.59,33,17,0.11052651773014094,1.8790605493512869,2
104,Mark McGuinness,0.52,0.0,0.12,0.4,0.8,6.92,3,0,10,67.32,103,14,0.13944300611659685,-1.7919887423443754,0
105,Ben Mee,0.53,0.13,0.27,0.4,0.93,7.27,2,2,6,68.48,63,5,0.6481747761794628,-1.976334262960525,0
106,Dominic Hyam,0.93,0.05,0.27,0.64,1.11,7.8,20,2,28,61.03,130,39,3.0536291486626985,-0.22136987274780842,0
107,Samuel Parker,2.0,0.25,0.0,0.0,1.25,4.0,2,1,0,100.0,3,2,0.5913234775357079,-0.1116858447067835,2
108,Dan Scarr,0.1,0.05,0.35,0.85,0.7,6.0,9,1,17,66.34,67,8,0.31523405795591,-2.0765460280401458,0
109,Ashley Phillips,0.48,0.05,0.28,0.83,0.8,6.3,2,2,33,67.01,130,26,1.5549183895912653,-1.9873729837002405,0
110,Ben Chrisene,1.48,0.0,0.19,0.29,0.43,1.76,13,0,6,36.92,24,11,-1.452339506321837,1.3365468869319284,1
111,Chris Mepham,1.04,0.08,0.12,0.44,1.0,6.52,7,2,11,66.98,71,18,1.2646005851264666,-0.8419214879260097,0
112,Zak Vyner,1.2,0.09,0.31,0.49,0.69,3.09,20,3,17,56.18,50,25,1.2491780422158831,1.1049716235516933,2
113,Michał Helik,1.09,0.02,0.14,1.12,1.7,7.4,14,1,48,55.37,170,41,3.647242004211922,-0.930161490618635,0
114,Kaelan Casey,0.0,0.0,0.0,0.63,0.25,3.25,1,0,5,76.19,16,1,-1.8992358119555508,-2.0533428002114618,1
115,Lucien Mahovo,1.0,0.0,0.0,0.0,0.33,1.33,3,0,0,63.64,7,5,-2.328765069513117,0.25538528786684517,1
116,Alex Cochrane,1.0,0.0,0.14,0.1,0.9,2.71,12,0,2,46.94,23,10,-1.1479240589706585,0.7265188522631889,1
117,Josh Tymon,1.16,0.0,0.27,0.11,1.13,2.4,22,0,5,44.12,30,20,-0.24465486213973575,1.7562131397005674,2
118,Caleb Okoli,1.38,0.07,0.14,1.1,1.38,7.1,7,2,32,59.21,90,26,2.5739254236926263,-1.1601359931340056,0
119,Ricardo Pereira,2.87,0.05,0.03,0.34,1.39,3.66,25,2,13,37.5,30,37,2.165239480446502,3.4118343847803496,2
120,Zak Sturge,1.25,0.05,0.18,0.43,0.55,2.33,18,2,17,53.61,52,35,0.7614493304853425,1.443838378846172,2
121,Craig Forsyth,0.84,0.05,0.11,0.11,1.16,3.32,6,1,2,56.52,26,5,-0.6730753438425612,-0.13503922572588553,1
122,Yuri Ribeiro,1.14,0.0,0.05,0.36,0.59,2.09,6,0,8,57.78,26,13,-1.239489844557482,0.21530788665164335,1
123,Brodie Spencer,2.79,0.0,0.1,0.38,1.1,2.79,18,0,11,56.12,55,35,1.2090045602000656,2.598339143986821,2
124,Callum Doyle,1.56,0.03,0.18,0.59,1.21,5.29,25,1,20,53.0,106,31,2.293124200378473,1.1357459737444138,2
125,Leo Fuhr Hjelde,0.38,0.0,0.0,0.38,0.38,2.38,1,0,3,75.0,6,2,-2.048689291937837,-1.2290316400656287,1
126,Matty Jacob,1.8,0.0,0.0,0.0,1.0,1.4,3,0,0,66.67,4,3,-1.4663953215589596,0.838234555173893,1
127,Ryan Giles,0.91,0.0,0.17,0.29,0.57,2.69,14,0,10,54.55,12,16,-1.0597740353319414,0.6221568443042012,1
128,Lewie Coyle,1.31,0.02,0.26,0.48,0.62,3.19,15,1,20,42.0,42,38,0.38246474880482323,1.3047428230222617,2
129,Jeremy Petris,1.12,0.0,0.0,0.12,0.59,1.24,4,0,2,48.15,13,10,-1.968145398319973,0.6058004203743845,1
130,Luke Thomas,1.72,0.05,0.14,0.3,1.23,4.28,24,2,13,49.65,71,51,2.496091423465632,2.306643495171582,2
131,Alex Bangura,0.46,0.0,0.0,0.0,0.23,0.85,0,0,0,38.46,5,4,-3.204013565480418,0.039420291091380316,1
132,Ruben Roosken,1.0,0.0,0.0,0.0,0.67,2.0,0,0,0,66.67,4,0,-2.157236635505727,-0.20124878001527885,1
133,Jamaal Lascelles,0.67,0.0,0.0,0.22,0.11,6.78,0,0,2,76.74,33,5,-1.3552411949205947,-1.749197144925988,1
134,Jake Bidwell,0.55,0.0,0.18,0.55,0.27,2.0,4,0,6,60.0,6,2,-2.099284685838344,-0.7989761673653236,1
135,Ben Johnson,1.0,0.0,0.12,0.06,0.53,1.65,3,0,1,66.67,16,10,-1.8054571460837663,0.16236231775039073,1
136,Sondre Langås,1.46,0.04,0.17,0.5,1.29,5.63,12,1,12,53.51,61,15,1.0484086232601164,0.0534771831159159,0
137,Ibane Bowat,0.71,0.0,0.06,0.18,1.06,3.59,2,0,3,63.51,47,10,-0.887321226720392,-0.6954163834355079,1
138,Wout Faes,0.4,0.0,0.07,0.13,0.53,4.13,3,0,2,33.33,10,6,-2.206373538126529,-0.5021844417724496,1
139,Shane Duffy,0.75,0.25,0.0,0.25,0.0,4.25,1,1,1,88.24,15,4,-0.7921471745852011,-1.3675253634828723,1
140,Ben Gibson,1.08,0.0,0.08,0.62,1.08,3.77,1,0,8,68.09,32,6,-0.5517375538452892,-1.0621432754668392,1
141,Jack Stacey,1.64,0.0,0.06,0.08,0.56,1.72,25,0,3,50.0,30,31,-0.2069034955444075,2.665033659660289,2
142,Ronnie Edwards,0.96,0.04,0.11,0.46,0.96,5.54,9,1,13,56.32,49,15,0.3557602660443754,-0.5003847683573723,0
143,Hidde ter Avest,1.38,0.0,0.0,0.08,0.62,2.15,4,0,1,62.5,10,11,-1.5319789246049773,0.5231020663268598,1
144,Amadou Salif Mbengue,1.61,0.02,0.2,0.54,0.73,2.85,30,1,22,58.88,63,53,1.984057722969654,2.5078638939256246,2
145,Odeluga Offiah,2.29,0.0,0.1,0.43,0.5,2.93,11,0,18,47.95,35,31,-0.09827190592025238,1.7493777678422218,2
146,Sam Long,1.28,0.03,0.15,0.53,0.93,4.35,20,1,21,51.95,80,25,1.172904862831002,0.7973181562469988,2
147,Welington,1.58,0.0,0.11,0.26,0.79,1.53,8,0,5,46.81,22,21,-0.9585981919032399,1.25539658966601,1
148,Brandon Williams,1.0,0.0,0.0,0.0,0.0,0.0,1,0,0,0.0,0,0,-3.993101820392099,1.1947652040041519,1
149,Torbjørn Heggem,0.0,0.0,1.0,0.0,2.0,12.0,1,0,0,33.33,1,0,-0.23981739477307065,-2.4577121396997472,0
150,Ricardo Santos,1.0,0.0,0.0,0.0,0.0,1.0,0,0,0,0.0,0,1,-3.8503668715176698,0.9605709852143332,1
151,Yisa Alao,0.0,0.0,0.0,0.5,1.0,0.0,0,0,1,0.0,0,3,-3.022977442583387,-0.21181578822005429,1
152,Darragh Lenihan,0.5,0.0,0.0,0.0,0.5,5.5,0,0,0,87.5,7,1,-1.6034143486864498,-1.575839605273792,1
153,James Morris,0.5,0.0,0.0,0.0,0.0,1.5,0,0,0,0.0,0,0,-3.9815633675552893,0.4188249056122967,1
154,Tom Atcheson,1.36,0.0,0.21,0.57,0.93,4.79,8,0,8,67.24,39,14,0.07029237404655876,-0.3716088105886066,0
155,Kayne Ramsay,1.57,0.03,0.24,0.59,1.22,2.84,11,1,22,55.37,67,43,1.4302825977830762,1.0619358400764365,2
156,Lewis Brunt,0.89,0.0,0.0,1.11,0.89,4.56,5,0,10,67.74,21,5,-0.2309056332895997,-1.6433709024927745,0
157,Liam Cooper,0.71,0.07,0.0,1.14,1.36,5.21,7,1,16,64.94,50,10,1.1140955041378318,-1.7574410294716971,0
158,Ernie Weaver,1.33,0.0,0.17,1.5,0.33,5.67,2,0,9,38.46,10,3,-0.7522084341461136,-1.689875647209062,1
159,Charlie Taylor,0.77,0.04,0.08,0.38,0.5,3.81,4,1,10,53.97,34,10,-0.9369076633239475,-0.5769413302396589,1
160,Pol Valentín,2.15,0.06,0.09,0.27,0.79,2.09,20,2,9,25.71,9,25,0.24704860634591255,2.844224000243395,2
161,Kellen Fisher,2.14,0.09,0.16,0.3,1.05,2.49,18,4,13,51.28,40,50,2.3936309907635214,2.7517652794061984,2
162,Joe Emery,1.0,0.0,0.0,0.33,1.0,0.0,0,0,1,0.0,0,0,-2.8779503933933266,0.7613969790433555,1
163,Regan Poole,0.93,0.1,0.24,0.78,1.63,6.51,16,4,32,55.61,124,36,3.7567848150749446,-0.28008887571972313,0
164,Yan Valery,1.78,0.09,0.09,0.3,0.57,2.04,9,2,7,54.12,46,18,0.07632576332963416,1.1726593237204754,2
165,Rhys Norrington-Davies,1.82,0.03,0.13,0.33,0.64,2.28,19,1,13,58.96,79,36,0.9787396940479937,1.9440665622248778,2
166,Joshua Quarshie,0.92,0.15,0.08,0.38,0.85,3.69,3,2,5,58.97,23,11,-0.037547678429103545,-0.5179121743376208,0
167,Max Johnston,1.2,0.0,0.13,0.07,0.2,2.67,4,0,1,20.0,4,4,-2.732494725960095,0.7512654248527579,1
168,Benjamin Nelson,1.63,0.04,0.04,0.83,1.21,6.96,8,1,20,55.77,58,9,1.199168140527602,-0.8110808199623901,0
169,Josh Key,1.03,0.0,0.13,0.23,0.53,2.37,20,0,7,28.33,17,22,-1.0804774244855002,1.700054339530049,1
170,Jamie Shackleton,0.0,0.0,0.0,0.0,0.0,0.67,0,0,0,33.33,1,0,-3.8150008996051827,-0.3138667305500471,1
171,George Edmundson,0.43,0.0,0.0,0.29,0.86,3.43,1,0,2,60.0,9,2,-1.701576704339095,-1.0956613177401737,1
172,Collins Sichenje,2.0,0.0,0.0,1.17,0.17,4.33,4,0,7,57.89,11,9,-0.6017190987577224,-0.5279657119306244,1
173,Cody Drameh,1.87,0.0,0.09,0.22,0.61,2.52,14,0,5,48.48,16,4,-1.13822375722138,1.3743258792246327,1
174,Andrija Vukčević,0.66,0.0,0.0,0.24,0.21,1.55,8,0,7,37.78,17,25,-1.878594622432464,0.7198555801201677,1
175,Jordan Lee Williams,1.67,0.0,0.1,0.27,0.67,1.83,12,0,8,50.0,21,18,-0.8639163065305514,1.4102427544849552,1
176,Cameron Pring,1.28,0.08,0.12,0.52,1.0,3.44,16,2,13,48.0,24,25,0.8547628196730325,0.961404996531274,2
177,Joe Bryan,0.89,0.05,0.0,0.16,0.79,1.47,7,1,3,60.0,15,15,-0.9555886166833036,0.4619521119193975,1
178,Saba Goglichidze,1.75,0.08,0.0,0.25,0.75,3.67,4,1,3,36.11,13,7,-0.8695658970639079,0.6457273003705581,1
179,Hayden Matthews,0.92,0.0,0.0,0.31,0.77,4.77,1,0,4,52.83,28,5,-1.2527882055902746,-0.846874932235537,1
180,Formose Mendy,1.33,0.0,0.0,0.17,0.5,2.17,4,0,1,64.29,9,3,-1.780600190968085,0.19407912457031948,1
181,James Abankwah,1.32,0.1,0.13,0.48,0.84,5.06,11,3,15,67.68,67,40,2.094940619000179,0.3740944478926255,2
182,Alfie Gilchrist,0.77,0.0,0.0,0.31,0.92,2.46,1,0,4,64.71,11,5,-1.4960446821156095,-0.6519245978897886,1
183,Josh Knight,0.43,0.0,0.14,0.5,0.57,5.86,0,0,7,51.67,31,7,-1.2649259971755817,-1.6901905391749503,1
184,Danny Batth,0.4,0.1,0.0,0.8,1.1,6.1,0,1,8,67.27,37,9,0.3458974399240712,-2.2874583422347268,0
185,Connor Ogilvie,0.81,0.0,0.13,0.34,0.75,3.19,4,0,11,59.06,101,25,-0.22064620744146957,-0.35332075723723133,1
186,Archie Baptiste,0.0,0.0,0.0,0.0,0.0,0.0,0,0,0,0.0,0,0,-4.395970129550558,0.2825864475451372,1
187,Caleb Wiley,1.4,0.0,0.0,0.2,0.2,0.8,0,0,1,8.33,1,1,-3.2721792051554774,1.0003590837461744,1
188,Curtis Nelson,1.0,0.0,0.0,2.0,0.0,4.0,0,0,4,40.0,2,1,-1.1949589750655778,-2.3537459601231507,1
189,Dion Sanderson,0.92,0.03,0.26,0.68,1.16,4.97,6,1,26,55.13,86,42,1.4619369132001314,-0.37646763183694903,0
190,Dominic Iorfa,1.68,0.15,0.09,0.56,0.85,6.12,11,5,19,66.67,126,27,3.2416425087489955,0.04951144027563884,0
191,Max Lowe,1.64,0.07,0.11,0.82,1.64,4.04,24,2,23,56.0,42,27,2.4835138221824717,1.2016577389734568,2
192,Joel Ward,0.47,0.0,0.0,0.13,0.73,1.87,2,0,2,63.16,12,6,-1.9579509204849945,-0.49367594882212734,1
193,Jake Clarke-Salter,0.57,0.14,0.07,0.21,0.43,4.29,2,2,3,61.7,29,3,-0.7812038730330118,-1.0164850792124582,1
194,Bright Osayi-Samuel,1.04,0.04,0.07,0.07,0.56,1.22,10,1,2,47.92,23,22,-1.0444029884468864,1.2203037032417077,1
195,Paddy McNair,0.71,0.0,0.0,0.0,0.29,2.21,2,0,0,36.36,12,8,-2.6369505107840863,0.20642403479691282,1
196,Christ Makosso,1.67,0.5,0.33,0.67,0.83,5.33,2,3,4,60.61,20,2,1.6614094783082882,-0.8915234469526122,2
197,Gabriel Otegbayo,1.03,0.09,0.06,0.66,0.77,5.03,5,3,23,50.38,66,37,1.4703126464894367,-0.24744952680746377,0
198,Ishé Samuels-Smith,1.83,0.0,0.0,0.0,0.33,2.33,2,0,0,33.33,3,2,-2.4505161031114144,1.0779997740356095,1
199,Eric Bocat,1.03,0.03,0.14,0.41,1.21,1.97,11,1,12,52.17,24,13,-0.2444675096316157,0.5102073933899536,1
200,Ryan Andrews,0.33,0.0,0.0,0.0,0.0,0.33,0,0,0,0.0,0,1,-4.197754923616465,0.5200617417604484,1
201,Alfons Sampsted,0.33,0.0,0.0,0.0,0.83,0.83,1,0,0,30.0,3,2,-2.8702652888574747,0.06976559946609556,1
202,Elliott Moore,1.0,0.0,0.0,1.0,0.0,6.5,1,0,2,57.14,4,1,-1.3164122213505594,-1.9303281257904126,1
203,Greg Leigh,0.94,0.0,0.0,0.19,0.81,3.69,6,0,3,52.63,30,3,-1.318156900233503,-0.22460368961114757,1
204,Kévin Keben Biakolo,0.93,0.03,0.03,0.41,0.79,4.52,9,1,12,58.44,45,17,0.020957883424646107,-0.2462114839226914,0
205,Danny McNamara,0.56,0.0,0.06,0.06,0.69,1.63,4,0,1,38.71,12,13,-2.1298342947335973,0.31453547233292867,1
206,Cathal McCarthy,1.0,0.0,0.0,0.5,0.83,2.17,1,0,3,42.11,8,5,-1.725727626190191,-0.2828035387121826,1
207,Liam Palmer,1.31,0.0,0.09,0.42,0.82,2.51,19,0,19,50.7,36,37,0.28229849601790724,1.583766403500957,2
208,Victor Kristiansen,1.2,0.0,0.0,0.0,0.2,1.2,6,0,0,100.0,4,0,-1.9198979201372306,0.037030041703156276,1
209,Matthew Litherland,1.2,0.0,0.4,0.2,0.2,0.4,6,0,1,33.33,3,3,-2.7480176223900736,0.9676184833759631,1
210,Connor O'Riordan,1.6,0.0,0.0,0.2,0.4,4.0,2,0,1,57.14,16,2,-1.6162257520124466,-0.023919450947291376,1
211,Esquerdinha,1.06,0.0,0.0,0.06,0.44,1.63,9,0,1,47.37,9,4,-2.1178649899568436,0.7563199502325673,1
212,Haydon Roberts,0.25,0.0,0.0,0.0,0.33,0.75,1,0,0,53.85,7,4,-2.9352993662568037,-0.2788310891098368,1
213,Harry Pickering,0.47,0.0,0.07,0.0,0.13,2.33,2,0,0,54.76,23,9,-2.476821244554791,-0.2840899416390365,1
214,Liam Morrison,0.67,0.0,0.08,0.75,1.5,6.75,5,0,9,55.71,39,10,0.3859359547567811,-1.6459982614562483,0
215,Aji Alese,0.0,0.0,0.0,0.0,0.0,3.0,1,0,0,0.0,0,0,-3.8909436624056264,-0.23271041202818565,1
216,Reece Burke,0.59,0.0,0.12,0.41,0.88,4.35,1,0,7,52.54,31,15,-0.9693593873928444,-0.9554500046045594,1
217,George Pratt,1.0,0.0,0.3,0.6,0.7,4.8,3,0,6,28.57,16,4,-1.4297026259753551,-0.6247408745322807,1
218,Miguel Ángel Brau,0.44,0.0,0.0,0.11,0.11,0.78,0,0,1,57.14,4,1,-3.066196067749946,-0.4015185318144819,1
219,Mads Roerslev,0.89,0.0,0.11,0.22,0.22,1.78,3,0,2,25.0,6,6,-2.7441028369756952,0.39957571265787944,1
220,Kealey Adamson,1.14,0.0,0.0,0.0,0.14,1.43,3,0,0,22.22,2,5,-3.0529922744079525,0.9484735699774105,1
